event_id,timestamp,customer_id,session_id,event_type,product_id,device_type,traffic_source,campaign_id,page_category,session_duration_sec,experiment_group
1,1/14/2021 13:35,43812,535101,view,1004,desktop,Email,43,PLP,115.1,Control
2,12/3/2021 21:36,71340,96426,add_to_cart,986,desktop,Email,10,PDP,32.4,Variant_A
3,12/27/2021 8:25,59540,220126,purchase,1630,mobile,Organic,0,PDP,190.7,Variant_A
4,1/22/2022 15:06,3601,484555,add_to_cart,1532,desktop,Paid Search,30,Checkout,134.8,Variant_B
5,5/10/2021 12:03,92735,60646,bounce,0,desktop,Email,26,PLP,53.1,Variant_A
6,3/4/2022 11:41,3184,221551,click,628,desktop,Organic,0,PDP,36.8,Variant_A
7,1/27/2021 10:17,89606,569910,click,369,desktop,Organic,0,PDP,58.2,Variant_B
8,7/29/2023 0:49,59581,184066,view,713,mobile,Social,8,PDP,153.1,Control
9,6/6/2023 21:14,54871,179212,purchase,1901,mobile,Paid Search,21,PLP,121.1,Control
10,5/30/2023 5:56,55257,240165,add_to_cart,755,mobile,Direct,0,PLP,73.3,Control
11,9/6/2021 21:26,94678,294260,add_to_cart,1141,mobile,Organic,0,Home,12.8,Variant_B
12,8/24/2023 4:44,86107,176767,view,1173,mobile,Email,7,PDP,26.4,Variant_A
13,8/16/2023 1:32,16251,367937,view,1873,tablet,Social,48,PLP,203.6,Control
14,1/18/2021 19:38,28041,388445,click,1188,desktop,Social,9,PDP,178.8,Control
15,9/10/2022 7:05,8024,292502,bounce,0,desktop,Organic,0,Checkout,33,Variant_B
16,7/16/2023 20:33,30501,36337,view,1337,mobile,Direct,0,Cart,297.9,Control
17,4/14/2021 13:12,47785,438870,add_to_cart,748,mobile,Organic,0,Checkout,52.4,Control
18,9/29/2022 17:11,76682,623341,add_to_cart,1672,mobile,Social,31,PDP,21,Variant_A
19,10/4/2021 19:02,81842,249671,view,618,desktop,Organic,0,Cart,227.7,Control
20,11/30/2023 19:08,69864,54913,view,1822,desktop,Direct,0,PLP,177.6,Control
21,2/9/2023 11:42,46077,517399,view,1151,mobile,Organic,0,PLP,62.8,Variant_B
22,8/31/2023 5:29,51818,496917,purchase,1884,desktop,Social,37,PLP,36.3,Variant_B
23,4/28/2021 9:05,94021,538528,add_to_cart,1636,mobile,Organic,0,Home,20.4,Control
24,4/22/2023 4:26,62038,490921,add_to_cart,726,mobile,Organic,0,PLP,224.1,Variant_B
25,3/10/2021 17:15,11194,232954,view,1544,desktop,Paid Search,9,PDP,542.9,Variant_B
26,1/21/2022 12:54,215,9383,view,1532,desktop,Organic,0,PLP,195.8,Control
27,8/20/2023 14:43,42469,647656,view,1767,mobile,Organic,0,Home,125.2,Variant_A
28,11/21/2023 11:03,74767,311678,click,336,mobile,Social,32,PLP,60.7,Control
29,11/3/2022 20:09,2900,298382,view,219,desktop,Paid Search,50,Home,440.2,Control
30,1/30/2022 19:11,6885,663197,bounce,0,mobile,Paid Search,43,PDP,83.3,Variant_A
31,8/26/2022 19:57,2027,627208,view,458,mobile,Email,43,PLP,62.2,Variant_A
32,6/26/2022 20:33,18164,352305,purchase,1114,desktop,Email,13,PLP,103.3,Variant_A
33,1/22/2023 5:28,2679,191597,add_to_cart,728,mobile,Paid Search,6,PLP,203.7,Variant_A
34,8/31/2022 4:45,5800,368500,bounce,0,desktop,Organic,0,Checkout,135.6,Control
35,11/2/2021 6:43,24516,444876,view,1857,mobile,Email,12,PLP,109,Variant_A
36,9/15/2022 14:36,76706,625436,add_to_cart,1682,desktop,Organic,0,Checkout,104.8,Variant_B
37,4/6/2021 12:35,37006,409036,view,1536,desktop,Email,24,PLP,44.7,Variant_B
38,1/21/2021 14:42,36392,366493,view,1725,desktop,Organic,0,PDP,26.9,Control
39,6/17/2021 18:43,60729,286411,add_to_cart,226,mobile,Organic,0,PLP,36,Variant_B
40,3/27/2021 9:54,95397,586416,bounce,0,mobile,Organic,0,Home,51.5,Control
41,1/25/2022 17:22,71806,189922,view,196,desktop,Organic,0,PLP,22.6,Variant_B
42,11/14/2022 14:01,27238,391218,add_to_cart,722,mobile,Social,22,PLP,175.9,Control
43,1/3/2022 5:14,25414,214167,view,374,mobile,Direct,0,PDP,74.6,Control
44,5/19/2022 6:03,35745,66313,bounce,0,desktop,Organic,0,Checkout,48.4,Control
45,7/5/2021 21:34,85244,151680,bounce,0,mobile,Organic,0,PLP,25.7,Variant_A
46,5/7/2021 18:33,6337,378695,add_to_cart,1683,desktop,Email,12,Cart,40.8,Control
47,12/5/2023 14:08,91993,45133,view,157,mobile,Paid Search,14,PDP,235.3,Control
48,5/21/2021 20:40,77764,389944,view,498,mobile,Organic,0,PDP,32.4,Control
49,9/26/2022 21:14,48406,657292,view,836,mobile,Paid Search,18,PDP,68.8,Variant_B
50,1/28/2021 8:28,22840,653764,click,1594,mobile,Paid Search,25,PDP,22.2,Variant_B
51,8/18/2022 12:12,57885,555649,click,91,desktop,Paid Search,49,Cart,78,Variant_B
52,12/23/2021 10:02,29758,585938,click,204,mobile,Organic,0,PLP,164.1,Control
53,1/12/2022 4:59,59470,190521,bounce,0,mobile,Paid Search,38,PDP,96,Control
54,3/1/2022 9:49,54604,375815,bounce,0,tablet,Paid Search,32,Checkout,34.3,Variant_B
55,5/30/2022 16:20,96393,470798,add_to_cart,1484,desktop,Organic,0,PLP,26.6,Variant_B
56,3/21/2023 18:42,1341,19108,view,962,desktop,Organic,0,PLP,104.9,Control
57,1/25/2021 6:59,11756,216761,click,98,mobile,Organic,0,PLP,179.6,Control
58,7/26/2023 18:12,86915,33967,purchase,408,mobile,Email,4,PLP,37.7,Control
59,11/21/2023 0:03,68027,179369,bounce,0,mobile,Paid Search,39,Home,153.5,Variant_A
60,8/19/2022 5:00,90105,80557,view,1436,mobile,Social,40,PDP,142.2,Variant_A
61,3/28/2023 0:38,2125,540228,view,658,mobile,Social,2,Checkout,53.4,Control
62,7/25/2022 7:01,41718,486471,add_to_cart,1430,desktop,Organic,0,PDP,121.5,Control
63,6/22/2022 16:06,15508,55689,view,1379,mobile,Social,47,PDP,337.7,Control
64,10/27/2021 19:56,5149,594129,click,208,mobile,Organic,0,Home,49.1,Control
65,1/19/2023 14:05,10749,164410,purchase,1635,mobile,Paid Search,13,PLP,67.3,Control
66,2/5/2022 8:30,22615,303508,view,1556,mobile,Organic,0,PLP,136.9,Variant_A
67,3/9/2021 0:37,55629,245437,view,1413,desktop,Paid Search,36,Home,14.4,Control
68,12/2/2022 1:57,19682,259305,add_to_cart,1549,mobile,Organic,0,Cart,67.3,Variant_A
69,4/28/2022 5:52,63894,54618,view,514,desktop,Paid Search,7,PDP,245.2,Control
70,9/16/2021 6:35,92041,402533,view,108,desktop,Organic,0,Home,46.9,Control
71,10/26/2022 15:03,19045,10482,bounce,0,mobile,Organic,0,PDP,205.5,Variant_A
72,9/12/2022 7:41,12768,272534,bounce,0,mobile,Direct,0,PLP,123.1,Control
73,3/22/2022 6:58,74004,414548,click,577,desktop,Social,1,Home,274.1,Variant_B
74,12/8/2022 2:10,28298,117314,view,1664,mobile,Email,28,PDP,30.1,Control
75,7/25/2021 6:50,69524,94084,view,784,mobile,Organic,0,PLP,268.4,Control
76,12/29/2021 11:56,2896,387395,click,960,mobile,Email,49,Home,95.9,Variant_B
77,10/11/2023 20:18,64078,574176,view,1287,mobile,Email,21,Home,170.5,Variant_A
78,1/9/2021 8:24,55695,78435,click,472,tablet,Email,50,PDP,47.4,Control
79,7/28/2023 9:37,25984,366702,purchase,244,desktop,Email,21,Home,69.8,Control
80,8/6/2023 4:43,56352,347349,view,1970,mobile,Social,31,Home,421.7,Control
81,5/19/2023 14:04,12476,229753,click,1591,desktop,Email,5,Cart,97.3,Control
82,12/27/2022 14:03,64096,293351,click,1526,mobile,Social,21,Cart,120.3,Variant_A
83,1/17/2021 12:13,38098,307630,add_to_cart,230,mobile,Organic,0,PDP,176.7,Variant_B
84,8/9/2021 10:23,90315,88648,click,292,mobile,Social,45,PDP,59,Variant_B
85,3/1/2023 23:26,66737,450474,click,1285,desktop,Organic,0,PDP,197.9,Variant_B
86,5/21/2022 13:10,25044,615769,view,691,mobile,Paid Search,4,PLP,158.4,Variant_B
87,6/13/2022 15:09,74750,15821,view,1006,mobile,Organic,0,PLP,131,Control
88,1/11/2023 9:40,34852,644106,view,1435,desktop,Direct,0,Cart,33.3,Variant_A
89,4/10/2021 6:45,43808,531323,bounce,0,desktop,Paid Search,8,Home,223.8,Control
90,9/12/2021 17:07,72252,241035,view,1896,desktop,Organic,0,PDP,123.9,Control
91,5/30/2023 6:07,81081,131287,view,1445,tablet,Paid Search,44,PLP,53.2,Control
92,10/19/2022 15:24,39528,230520,add_to_cart,1735,desktop,Organic,0,PLP,17.4,Variant_B
93,2/24/2023 6:05,75825,579458,view,1386,mobile,Paid Search,18,PDP,124.1,Variant_A
94,3/7/2021 16:01,86599,568206,view,778,desktop,Social,40,Home,131.1,Variant_B
95,1/17/2022 19:30,52516,440486,view,272,mobile,Email,29,PDP,42.5,Control
96,9/19/2023 7:02,11830,82764,view,342,desktop,Organic,0,PDP,130.1,Control
97,2/18/2023 4:23,23755,605908,view,1465,desktop,Organic,0,PDP,102.5,Variant_B
98,1/9/2021 12:09,73453,97078,view,1551,mobile,Paid Search,14,Checkout,106.4,Variant_A
99,2/26/2023 23:34,57690,652500,bounce,0,desktop,Organic,0,PDP,33.8,Control
100,1/21/2022 14:51,14592,403430,view,398,desktop,Organic,0,PLP,313.1,Variant_B
101,5/5/2021 12:57,70037,396579,view,988,desktop,Social,3,PDP,58.6,Variant_B
102,2/2/2023 16:53,78971,285597,view,83,desktop,Paid Search,50,Cart,37.1,Variant_B
103,10/16/2021 5:33,29807,254618,view,1696,tablet,Social,1,PLP,105.2,Control
104,10/2/2023 19:21,45640,30000,click,738,mobile,Direct,0,PLP,76.3,Variant_A
105,5/12/2023 18:28,82149,290145,view,445,mobile,Organic,0,Cart,68.3,Control
106,1/3/2021 5:01,67373,223490,view,1939,desktop,Social,29,Checkout,59.5,Control
107,9/21/2023 7:38,2975,539148,add_to_cart,1848,tablet,Organic,0,PDP,50.6,Control
108,6/30/2022 16:19,71519,252074,add_to_cart,963,mobile,Social,18,PDP,74.3,Control
109,12/7/2021 10:01,9484,287089,view,95,mobile,Organic,0,Cart,143.4,Variant_B
110,11/14/2023 11:34,34172,617841,click,715,mobile,Organic,0,PLP,231.6,Control
111,4/28/2022 17:28,22527,571667,bounce,0,mobile,Organic,0,PDP,68.3,Variant_B
112,3/24/2021 11:50,71435,480431,view,1571,desktop,Organic,0,Home,106.8,Control
113,8/26/2023 1:08,29351,214324,click,1535,tablet,Paid Search,8,PLP,82.6,Variant_B
114,7/10/2022 7:29,85140,508852,purchase,1296,mobile,Paid Search,2,Home,98.4,Control
115,6/6/2023 20:59,4220,51231,view,776,desktop,Email,7,PDP,82.1,Variant_B
116,5/9/2022 13:57,38879,291541,view,433,desktop,Organic,0,Home,159.1,Control
117,4/8/2021 19:57,58896,215961,view,79,tablet,Organic,0,Checkout,33.8,Control
118,9/23/2022 7:29,75529,38566,click,1086,desktop,Organic,0,PLP,159.9,Variant_A
119,3/21/2021 20:36,99831,117217,bounce,0,desktop,Social,27,PDP,359.9,Variant_A
120,7/25/2023 17:15,34898,223271,view,639,mobile,Paid Search,43,PLP,86.4,Variant_B
121,11/2/2023 5:22,52930,359234,purchase,1512,mobile,Paid Search,23,Checkout,193.6,Variant_B
122,12/4/2021 22:57,22245,89197,view,1312,mobile,Organic,0,Home,53.5,Control
123,6/18/2023 23:57,93406,552949,view,915,mobile,Direct,0,PLP,393.7,Control
124,4/17/2022 14:57,31416,285183,click,830,desktop,Organic,0,Cart,85,Control
125,6/18/2022 13:30,31694,366264,click,661,desktop,Organic,0,PLP,197.5,Control
126,7/22/2021 7:51,60231,307669,view,570,mobile,Paid Search,48,PDP,67.6,Variant_B
127,8/17/2023 22:18,56601,392342,view,235,mobile,Social,10,Checkout,115.1,Variant_A
128,6/13/2021 21:06,50114,413744,click,512,mobile,Paid Search,30,Home,92.6,Control
129,9/11/2021 5:37,4524,259396,view,1353,mobile,Organic,0,PLP,117.2,Control
130,12/20/2021 12:18,98369,477512,view,223,mobile,Direct,0,PDP,75.7,Control
131,8/7/2021 17:55,32335,558346,click,1802,desktop,Organic,0,Checkout,172.1,Variant_A
132,11/2/2023 4:48,43287,461664,click,730,desktop,Social,10,PLP,187.6,Variant_A
133,9/13/2022 8:29,62113,439941,view,1780,desktop,Organic,0,PDP,179.7,Control
134,3/7/2022 18:14,97596,557675,bounce,0,mobile,Social,6,Checkout,100.1,Variant_A
135,11/13/2022 17:07,77719,66282,add_to_cart,713,mobile,Social,38,PLP,49.5,Control
136,1/27/2022 2:42,10452,96224,bounce,0,mobile,Paid Search,6,PLP,107,Control
137,1/25/2021 6:28,69172,35578,purchase,1433,mobile,Paid Search,44,PLP,226.6,Control
138,6/10/2022 2:05,32947,518583,view,914,mobile,Organic,0,Cart,176.8,Variant_B
139,3/14/2022 10:26,7112,316862,view,1902,mobile,Direct,0,Home,153.6,Control
140,8/19/2021 20:16,15576,67079,view,910,unknown,Email,31,Home,121.3,Variant_A
141,7/17/2022 15:33,54234,332555,click,1272,desktop,Organic,0,Cart,207,Control
142,4/17/2022 16:13,8022,21161,click,547,mobile,Organic,0,Home,36.9,Variant_A
143,4/2/2023 12:46,74771,545374,click,202,mobile,Paid Search,5,Home,187.2,Control
144,7/24/2021 12:52,37977,379531,view,1470,mobile,Direct,0,PDP,194.8,Variant_A
145,3/3/2022 12:09,55518,200277,add_to_cart,1364,desktop,Organic,0,PLP,128.1,Control
146,10/2/2021 18:36,24386,242641,add_to_cart,735,desktop,Organic,0,PDP,145.9,Control
147,2/27/2022 6:27,50859,535429,view,1729,mobile,Paid Search,12,Home,183.3,Control
148,9/9/2021 7:28,10589,405411,click,317,desktop,Direct,0,Home,52.3,Control
149,7/14/2022 9:07,35828,154296,click,1751,mobile,Paid Search,9,Home,63.7,Variant_B
150,3/19/2022 15:45,33959,583413,add_to_cart,1681,mobile,Social,47,PLP,81.2,Variant_A
151,4/4/2022 20:42,74952,532246,view,1334,desktop,Social,1,PDP,389.6,Control
152,11/9/2023 16:15,47996,338976,view,558,desktop,Direct,0,PLP,123.2,Control
153,6/22/2022 14:37,82508,118763,view,1447,desktop,Organic,0,Cart,13,Control
154,8/26/2022 21:53,41359,161525,click,1740,desktop,Email,20,PLP,149,Control
155,8/5/2022 18:21,33449,224627,view,1456,desktop,Direct,0,PLP,103.2,Control
156,1/20/2022 18:07,31125,308479,add_to_cart,821,mobile,Social,43,PLP,47.9,Control
157,9/19/2023 7:40,75700,232400,view,740,desktop,Organic,0,PDP,105.3,Variant_A
158,11/10/2021 23:17,60950,13604,view,749,mobile,Organic,0,PLP,120.8,Control
159,11/29/2021 19:49,83598,362571,bounce,0,mobile,Organic,0,PDP,96.9,Control
160,4/24/2021 13:54,97454,487190,view,650,mobile,Direct,0,PLP,130,Variant_A
161,9/24/2021 13:47,10615,91969,click,1001,mobile,Organic,0,Home,57.9,Variant_A
162,12/16/2023 13:19,41763,184351,bounce,0,mobile,Social,25,PDP,91,Control
163,4/28/2022 17:17,53550,479539,view,935,desktop,Organic,0,Home,172.4,Control
164,5/6/2022 7:00,2227,248867,bounce,0,mobile,Direct,0,PLP,105.9,Variant_A
165,12/5/2021 4:34,17406,172023,bounce,0,unknown,Organic,0,Cart,130.2,Control
166,11/19/2022 5:30,51253,320414,view,1061,tablet,Email,37,Home,41.5,Control
167,1/22/2022 22:12,38208,282754,bounce,0,mobile,Organic,0,Home,66.2,Control
168,11/17/2021 13:58,72528,293401,add_to_cart,1515,desktop,Email,38,PDP,28.9,Variant_B
169,1/8/2021 0:14,57977,470375,add_to_cart,1203,mobile,Organic,0,PDP,65.6,Variant_A
170,10/6/2023 5:40,3093,187348,add_to_cart,1877,mobile,Organic,0,PDP,48.2,Variant_B
171,6/3/2023 19:33,40125,295766,view,286,mobile,Social,19,PLP,219.7,Variant_B
172,6/27/2022 7:48,13992,508642,purchase,154,desktop,Paid Search,13,PDP,293.2,Control
173,7/9/2021 6:05,52708,144697,view,1492,unknown,Paid Search,12,PDP,226.7,Variant_A
174,12/8/2022 12:11,25290,644336,view,1523,desktop,Paid Search,12,PLP,229.3,Variant_A
175,4/9/2021 10:44,60135,420705,view,1588,desktop,Direct,0,PDP,118.3,Control
176,9/28/2023 14:23,93965,533269,add_to_cart,1304,mobile,Direct,0,Checkout,177.3,Variant_A
177,12/6/2023 17:59,12265,349848,view,322,mobile,Email,10,PDP,153.5,Control
178,9/10/2023 10:48,27584,356008,view,1065,desktop,Organic,0,PLP,24.2,Control
179,10/25/2022 19:49,31788,52414,bounce,0,mobile,Email,50,PLP,81.6,Control
180,10/15/2023 16:32,87182,127406,add_to_cart,1840,desktop,Email,2,Home,149,Variant_B
181,8/17/2021 18:11,60378,352986,view,1990,desktop,Paid Search,48,PDP,196.3,Variant_A
182,4/30/2023 4:46,33652,335189,add_to_cart,594,mobile,Paid Search,12,Cart,162.5,Control
183,10/11/2022 16:00,3587,367782,view,1690,tablet,Social,14,Cart,147.1,Control
184,1/19/2022 13:14,98469,364207,bounce,0,mobile,Organic,0,PLP,47,Control
185,7/30/2021 14:39,67205,463784,view,893,mobile,Social,19,Checkout,31.6,Control
186,5/1/2023 18:21,89262,107884,view,1014,mobile,Email,35,Home,184.4,Control
187,4/4/2021 21:06,69122,484505,purchase,781,mobile,Paid Search,30,PDP,50.7,Control
188,3/12/2021 5:05,63863,582268,view,1132,desktop,Organic,0,PDP,118,Control
189,1/6/2023 17:13,7063,58121,view,117,mobile,Paid Search,24,Home,209.9,Variant_A
190,11/22/2023 10:55,52090,321384,view,1619,desktop,Paid Search,17,PLP,88.8,Control
191,1/31/2021 6:32,50619,498646,view,1807,mobile,Organic,0,PDP,30.8,Variant_A
192,8/19/2021 21:29,22543,66026,view,209,mobile,Organic,0,PDP,124.2,Control
193,9/6/2023 17:08,78828,126,view,508,mobile,Social,2,PDP,61.8,Variant_A
194,6/10/2022 21:36,68160,523072,view,497,mobile,Email,38,PLP,16.5,Variant_B
195,9/22/2022 5:37,34100,607665,view,1673,mobile,Direct,0,PLP,115.7,Variant_A
196,1/19/2023 19:27,89550,35614,view,317,mobile,Paid Search,27,PLP,167.5,Control
197,3/19/2023 22:32,30491,485769,view,1947,mobile,Social,11,PDP,243.7,Variant_A
198,2/14/2023 15:38,5744,69889,view,1696,desktop,Social,6,Cart,162.4,Variant_B
199,12/27/2023 20:39,81070,504600,view,121,mobile,Social,15,PDP,27.6,Variant_B
200,5/28/2021 2:47,66489,458400,view,1327,mobile,Organic,0,Home,69.9,Control
201,5/2/2023 19:15,19129,268302,view,603,mobile,Paid Search,13,PLP,21.8,Variant_A
202,8/20/2022 15:24,38773,525756,add_to_cart,702,mobile,Organic,0,Home,44.3,Control
203,11/7/2021 5:21,23387,402580,view,69,mobile,Paid Search,24,PLP,124,Variant_B
204,4/30/2022 6:00,19417,114652,view,447,mobile,Email,47,PDP,84.6,Variant_A
205,3/31/2021 23:43,38738,155530,click,771,mobile,Email,18,Home,41.8,Variant_A
206,10/22/2021 14:09,30577,16864,view,550,desktop,Organic,0,Home,101.6,Variant_B
207,8/29/2023 9:00,24301,546182,view,1478,mobile,Organic,0,Home,221.1,Control
208,7/1/2023 12:34,44456,438583,view,5,mobile,Paid Search,47,Home,186.9,Control
209,3/7/2023 18:21,31693,128372,view,1286,desktop,Email,28,Home,212.3,Variant_A
210,2/24/2021 19:12,87938,552800,view,1218,mobile,Paid Search,36,PLP,433.2,Control
211,3/12/2023 14:00,86320,427515,add_to_cart,456,mobile,Organic,0,PLP,197.5,Control
212,5/5/2021 10:49,73665,294563,view,714,mobile,Paid Search,5,PDP,139.5,Control
213,7/22/2021 20:44,30653,459387,click,1247,mobile,Email,38,Cart,25.6,Variant_B
214,3/12/2021 8:33,62243,666242,view,1345,desktop,Direct,0,PDP,103.3,Variant_A
215,6/13/2022 0:44,68732,250364,view,976,mobile,Organic,0,Home,81.2,Control
216,6/15/2023 9:58,74698,643706,view,1947,mobile,Paid Search,38,PDP,45.1,Control
217,4/20/2021 11:47,79403,575588,add_to_cart,930,desktop,Email,17,Cart,41.6,Control
218,3/2/2022 8:44,7971,49206,view,1571,mobile,Direct,0,PDP,82.5,Variant_B
219,4/22/2023 15:38,58574,493345,view,416,desktop,Organic,0,PDP,27.1,Control
220,5/17/2021 17:30,45118,518921,add_to_cart,242,mobile,Email,26,PLP,43.4,Variant_B
221,2/12/2022 6:33,52165,102828,view,1241,desktop,Paid Search,5,PDP,165.4,Variant_B
222,11/28/2022 17:15,68589,654278,view,1082,mobile,Organic,0,Checkout,166.2,Variant_A
223,11/30/2021 16:14,98191,350576,view,956,mobile,Organic,0,PLP,59.3,Control
224,5/28/2023 4:34,98234,326064,view,989,unknown,Paid Search,35,PLP,205.4,Control
225,6/25/2021 5:40,23182,80476,view,1791,mobile,Email,2,PDP,59,Control
226,3/21/2021 8:23,96372,271344,view,1310,mobile,Organic,0,Home,203.7,Control
227,5/24/2022 3:45,32556,645422,view,130,desktop,Social,23,Checkout,119.8,Variant_A
228,10/27/2021 22:00,54459,225314,add_to_cart,838,desktop,Organic,0,PDP,198.2,Variant_A
229,6/27/2022 22:42,34086,316563,click,1821,desktop,Paid Search,13,Home,256.2,Control
230,5/20/2021 17:06,70463,328241,view,896,mobile,Organic,0,Checkout,37.7,Variant_A
231,4/29/2021 5:44,96283,624385,view,1648,desktop,Organic,0,PLP,110.5,Control
232,10/12/2021 20:00,26863,412406,view,837,desktop,Organic,0,Cart,2683.1,Variant_A
233,12/22/2021 15:06,80702,489756,view,16,mobile,Organic,0,PLP,154.7,Variant_B
234,12/26/2021 6:23,46278,229493,view,1265,mobile,Email,8,Checkout,111.9,Variant_A
235,10/24/2021 8:24,49958,441459,add_to_cart,772,desktop,Paid Search,12,PDP,174,Control
236,3/22/2023 11:31,68806,365791,view,1272,desktop,Direct,0,Cart,162.8,Control
237,4/9/2022 6:47,49080,193954,view,644,mobile,Paid Search,24,Cart,40.7,Variant_A
238,9/11/2021 4:09,98392,286826,click,1997,desktop,Email,6,PLP,78.7,Variant_B
239,5/14/2021 0:24,69089,60402,click,1032,desktop,Organic,0,PLP,146.4,Control
240,11/8/2022 14:57,44920,531412,click,334,mobile,Direct,0,PLP,436.4,Variant_B
241,2/23/2023 16:19,39860,34443,view,434,mobile,Paid Search,18,Home,58.9,Control
242,12/5/2023 0:00,99016,202692,add_to_cart,1686,mobile,Organic,0,Home,77.4,Control
243,10/21/2023 12:48,590,357516,view,776,desktop,Organic,0,PLP,161.8,Variant_B
244,6/5/2023 18:27,79982,83512,view,1520,mobile,Paid Search,27,PDP,111.6,Variant_A
245,3/9/2023 15:36,45997,513899,purchase,1513,mobile,Email,43,PDP,42.5,Control
246,2/5/2022 6:56,26664,8185,click,1736,mobile,Direct,0,Cart,126.1,Control
247,6/19/2021 8:27,10809,257666,view,1737,mobile,Paid Search,4,Cart,3.5,Control
248,1/17/2021 18:11,83569,567036,view,1417,mobile,Organic,0,PLP,13.6,Variant_B
249,12/9/2022 9:45,74074,466923,bounce,0,mobile,Organic,0,Home,25.3,Control
250,7/30/2023 11:18,42537,628665,view,1496,mobile,Organic,0,Cart,32.1,Variant_A
251,2/2/2021 1:16,79174,225723,view,1339,mobile,Email,45,Cart,36,Control
252,1/19/2022 21:25,67377,349139,click,1808,desktop,Paid Search,15,PDP,116.7,Control
253,7/19/2022 9:26,83249,464567,view,1168,mobile,Paid Search,37,PLP,30.3,Variant_A
254,1/19/2023 16:13,37924,199225,view,212,mobile,Paid Search,36,PLP,1840.1,Control
255,9/5/2021 6:07,4463,638122,view,418,mobile,Organic,0,PDP,200.8,Control
256,3/26/2023 5:58,19284,284839,view,276,desktop,Organic,0,Home,201.1,Control
257,2/15/2023 21:28,61332,170083,bounce,0,desktop,Paid Search,48,Cart,289.1,Control
258,5/6/2022 7:50,4348,197878,click,1060,desktop,Organic,0,Checkout,47.9,Control
259,7/3/2021 14:44,16893,324192,click,1715,desktop,Paid Search,30,PDP,55,Control
260,3/12/2023 8:04,192,116437,view,1530,desktop,Paid Search,26,Checkout,106.6,Variant_A
261,5/3/2022 20:41,4344,326,purchase,1167,mobile,Organic,0,PLP,22.8,Variant_A
262,4/4/2022 7:35,88609,541661,click,275,desktop,Organic,0,PLP,48.5,Control
263,7/28/2021 14:30,75812,558865,view,274,mobile,Direct,0,PDP,327,Control
264,11/25/2022 0:32,69116,323521,view,510,desktop,Email,38,Cart,134.2,Variant_B
265,3/25/2023 19:32,72661,410725,add_to_cart,1476,mobile,Organic,0,PDP,89,Variant_A
266,4/3/2022 2:15,87095,322177,view,1399,desktop,Organic,0,PLP,35.9,Control
267,6/27/2021 11:25,87991,634634,click,1136,mobile,Paid Search,4,Home,247.3,Control
268,9/3/2023 6:46,66628,18472,view,324,mobile,Paid Search,10,PLP,76.4,Variant_A
269,2/28/2022 7:42,37271,342199,view,756,mobile,Direct,0,PLP,33.6,Control
270,6/25/2023 16:38,99557,554232,view,848,desktop,Paid Search,10,Home,37.7,Control
271,2/26/2023 1:09,53014,73548,view,1853,desktop,Paid Search,32,PLP,91.4,Variant_A
272,7/27/2021 16:22,30203,125624,purchase,1099,mobile,Email,46,Home,172.3,Variant_B
273,8/16/2022 17:52,54819,76618,view,1312,mobile,Organic,0,PDP,217.8,Variant_A
274,8/28/2021 1:33,68138,146248,view,777,mobile,Organic,0,Home,26.3,Variant_A
275,9/28/2023 20:54,2724,31332,view,1124,desktop,Organic,0,PLP,53.9,Variant_A
276,7/8/2021 4:37,43927,368872,click,867,mobile,Organic,0,PLP,58.1,Control
277,11/22/2023 18:25,8210,394521,click,1883,mobile,Organic,0,Checkout,34.4,Control
278,2/13/2021 7:36,33154,215362,purchase,0,mobile,Paid Search,29,PDP,177.3,Variant_B
279,12/7/2022 8:56,42692,616149,click,395,desktop,Paid Search,39,PDP,42.4,Control
280,12/25/2022 23:19,11618,493851,view,1762,mobile,Social,42,PDP,109,Control
281,6/2/2022 20:38,64515,583370,view,80,mobile,Organic,0,PDP,64.5,Variant_B
282,6/10/2022 18:53,73840,185683,click,1162,desktop,Organic,0,PLP,392.6,Control
283,8/31/2022 19:08,20726,133996,click,1003,mobile,Organic,0,PDP,91.3,Variant_B
284,5/19/2021 6:25,43169,307452,view,1153,desktop,Social,40,PDP,161.2,Control
285,7/15/2022 15:03,60817,634999,view,1868,mobile,Organic,0,Home,33.4,Variant_B
286,12/23/2021 10:56,2282,331081,bounce,0,mobile,Organic,0,Home,140.3,Control
287,3/4/2023 13:33,74180,43790,add_to_cart,346,mobile,Organic,0,PLP,56.4,Variant_A
288,8/22/2021 20:05,54115,236690,view,576,desktop,Organic,0,PLP,3.9,Control
289,8/16/2022 1:34,90224,224538,bounce,0,mobile,Direct,0,Cart,1059.7,Variant_B
290,4/22/2021 13:10,20188,298109,view,1606,mobile,Organic,0,PDP,55.1,Variant_A
291,11/29/2023 9:20,96057,221327,add_to_cart,806,desktop,Organic,0,Cart,80.2,Control
292,6/16/2022 12:58,26143,470428,view,382,mobile,Organic,0,PLP,67.9,Variant_A
293,6/24/2023 9:01,71188,446604,bounce,0,mobile,Email,35,PLP,31.2,Variant_A
294,11/1/2022 17:35,40515,287453,bounce,0,mobile,Email,36,Home,146,Control
295,11/15/2021 21:16,79418,156907,view,1670,mobile,Email,27,PDP,67.6,Control
296,12/25/2021 6:10,81645,343874,bounce,0,desktop,Organic,0,PDP,66.1,Variant_B
297,9/8/2022 0:33,52045,488215,bounce,0,mobile,Social,19,PLP,49.2,Variant_B
298,6/29/2023 16:52,96265,219634,view,148,mobile,Direct,0,PLP,65.6,Variant_A
299,6/17/2023 17:19,72631,301980,view,672,desktop,Email,34,PDP,25.2,Control
300,6/19/2022 3:50,53592,311843,click,1329,mobile,Organic,0,Cart,115.6,Control
301,12/12/2021 23:46,709,169559,view,568,mobile,Paid Search,5,PLP,150.6,Variant_A
302,6/30/2022 3:10,62962,346751,add_to_cart,585,mobile,Organic,0,PLP,127.1,Control
303,1/11/2022 15:53,95603,193380,view,106,desktop,Organic,0,PLP,52,Control
304,8/15/2022 21:39,43874,165709,bounce,0,mobile,Organic,0,PDP,26.4,Control
305,2/22/2022 18:28,98543,460240,view,1535,mobile,Email,36,Cart,33.2,Variant_B
306,10/18/2022 17:54,10381,225675,view,743,tablet,Paid Search,8,PDP,47.2,Control
307,6/21/2021 2:45,27762,186330,view,134,mobile,Email,16,PLP,109.8,Control
308,3/19/2023 8:52,10143,211030,view,345,desktop,Email,14,PDP,236.1,Variant_A
309,6/19/2022 14:45,28692,480677,add_to_cart,822,mobile,Organic,0,Home,134.4,Control
310,4/29/2021 20:53,16267,413002,click,936,mobile,Organic,0,Cart,77.7,Variant_A
311,8/15/2022 15:25,16841,313077,click,732,desktop,Social,14,PDP,69.5,Variant_B
312,6/26/2021 9:43,89121,492570,view,751,desktop,Social,13,Cart,122.6,Control
313,8/27/2023 12:23,25737,490023,purchase,1210,mobile,Email,44,PDP,114.8,Variant_B
314,2/4/2023 20:26,14206,651271,view,1071,unknown,Organic,0,PLP,81.6,Control
315,6/13/2023 12:24,86405,438008,add_to_cart,1586,desktop,Email,48,Checkout,25.6,Variant_B
316,10/10/2022 15:28,54148,613295,add_to_cart,721,mobile,Organic,0,PLP,82.2,Control
317,3/21/2022 16:35,3268,3763,view,998,mobile,Organic,0,PDP,184.5,Variant_B
318,3/30/2022 12:30,76739,544861,view,1021,mobile,Social,8,PDP,108,Variant_A
319,11/20/2023 23:51,56921,246474,view,379,mobile,Email,36,Checkout,241.9,Variant_B
320,9/14/2022 1:09,2750,500585,view,196,desktop,Paid Search,42,PLP,35.1,Control
321,8/17/2023 14:32,44348,639828,view,1776,mobile,Organic,0,PDP,148.2,Variant_B
322,2/8/2021 19:05,90663,54397,view,1954,desktop,Organic,0,PDP,66.2,Variant_B
323,2/4/2022 5:14,85167,558540,add_to_cart,1169,desktop,Paid Search,43,Checkout,41.3,Variant_B
324,4/26/2022 13:18,92789,479727,view,928,desktop,Direct,0,PLP,7.3,Control
325,7/12/2023 2:31,65419,70442,view,1372,mobile,Social,30,Home,299.7,Control
326,7/20/2022 6:19,73251,93002,add_to_cart,1435,mobile,Email,25,Home,99.9,Variant_A
327,3/30/2023 16:42,75725,327464,purchase,785,desktop,Paid Search,19,Home,259.9,Variant_A
328,4/26/2022 8:13,10647,440956,bounce,0,desktop,Email,8,Checkout,51.6,Control
329,12/12/2021 6:26,20370,151114,click,955,desktop,Social,12,PDP,110.2,Control
330,5/28/2021 5:42,69565,240405,bounce,0,mobile,Paid Search,2,Home,97.1,Variant_A
331,7/14/2022 4:27,74183,476039,view,605,desktop,Organic,0,PLP,118.4,Control
332,7/26/2021 14:10,11918,335242,purchase,1960,desktop,Email,19,PLP,204,Control
333,1/11/2022 4:50,67546,125298,add_to_cart,508,mobile,Direct,0,Cart,95.6,Control
334,1/3/2021 9:25,82852,66947,view,1545,desktop,Organic,0,Cart,69,Control
335,7/31/2023 13:11,30583,626182,purchase,899,desktop,Social,4,Home,122.1,Control
336,2/23/2021 0:01,61646,367954,view,767,tablet,Organic,0,PDP,45,Variant_A
337,2/3/2021 15:00,25898,159019,view,1373,mobile,Organic,0,Home,34.5,Control
338,9/12/2021 9:56,76263,285633,view,929,desktop,Email,37,PLP,100.6,Variant_B
339,4/8/2023 8:52,64554,451498,view,1725,mobile,Paid Search,41,Cart,153.8,Control
340,11/8/2022 23:08,7009,85248,view,1315,tablet,Paid Search,43,Home,267.4,Control
341,7/20/2022 22:21,63555,298248,view,1454,desktop,Organic,0,Cart,267.5,Variant_B
342,1/27/2022 5:24,53313,625113,bounce,0,mobile,Email,43,PDP,26.6,Control
343,10/23/2022 12:56,47183,337443,bounce,0,desktop,Social,24,Cart,98.1,Variant_B
344,8/30/2022 2:36,39449,421407,view,129,tablet,Organic,0,PDP,154.5,Variant_A
345,8/5/2023 0:15,74515,121481,view,1558,mobile,Paid Search,12,Home,208.2,Control
346,10/27/2023 17:29,79124,125844,click,1836,mobile,Social,18,PLP,70.9,Control
347,12/26/2023 6:40,46032,56250,view,995,mobile,Organic,0,Cart,43.5,Variant_B
348,2/23/2022 11:47,81697,595643,view,144,mobile,Organic,0,PLP,130.6,Control
349,9/30/2023 19:22,79665,342969,click,1304,mobile,Organic,0,Cart,21.4,Control
350,7/1/2023 15:04,37601,431315,view,1987,desktop,Direct,0,PLP,123.3,Control
351,12/11/2021 7:05,92647,577728,view,1595,mobile,Organic,0,PDP,142.7,Control
352,5/2/2023 13:59,81537,570373,view,1256,desktop,Direct,0,PDP,93.8,Control
353,8/9/2021 7:29,28023,516765,view,997,mobile,Organic,0,Home,12.7,Control
354,4/10/2022 14:17,94564,630248,bounce,0,mobile,Organic,0,PDP,130.1,Control
355,9/21/2021 16:27,82293,400896,view,1327,desktop,Email,50,PDP,213.9,Control
356,7/26/2021 1:34,64118,604600,view,1092,desktop,Organic,0,PLP,47.6,Control
357,9/9/2023 4:22,67592,50833,add_to_cart,445,mobile,Social,48,PDP,80.6,Variant_B
358,3/29/2023 19:49,52652,268168,purchase,0,mobile,Social,40,PDP,14,Variant_B
359,6/1/2022 19:58,92228,322569,view,823,mobile,Organic,0,Cart,146.1,Control
360,10/24/2021 17:37,34908,232340,view,513,mobile,Direct,0,PDP,107.5,Variant_B
361,8/11/2021 3:56,22138,112555,view,1720,desktop,Direct,0,Cart,52.4,Control
362,10/1/2021 15:08,99344,83547,add_to_cart,310,mobile,Paid Search,2,PDP,89.2,Control
363,8/17/2023 17:48,20718,140839,click,1349,desktop,Organic,0,PLP,133.4,Control
364,5/28/2022 9:38,25356,31840,view,575,desktop,Paid Search,34,Cart,42.4,Variant_B
365,4/14/2021 13:18,68044,517503,view,1135,mobile,Organic,0,PLP,104.5,Control
366,2/5/2022 15:22,30503,585481,add_to_cart,76,unknown,Direct,0,PDP,273.7,Control
367,6/19/2022 7:20,45482,370659,view,610,mobile,Paid Search,42,Cart,44.7,Control
368,8/1/2021 15:47,30425,137095,purchase,0,tablet,Social,49,Checkout,164.1,Control
369,11/11/2021 19:16,7053,62853,view,63,mobile,Organic,0,Home,67,Control
370,4/22/2021 6:53,29256,595316,view,70,mobile,Organic,0,Home,185.1,Control
371,3/27/2021 16:24,69485,600523,view,1335,desktop,Social,7,PDP,147.1,Control
372,11/29/2022 12:58,58277,583690,purchase,714,mobile,Paid Search,46,PLP,9.5,Variant_A
373,10/28/2021 1:42,15431,616071,view,1309,mobile,Email,50,PDP,102.6,Control
374,9/6/2021 15:37,2679,258974,view,599,desktop,Organic,0,PLP,53.3,Variant_B
375,9/26/2023 22:48,50578,269418,view,192,mobile,Paid Search,6,PDP,167.9,Control
376,10/6/2023 8:50,54605,588907,click,692,mobile,Organic,0,PDP,107.7,Variant_B
377,10/13/2021 21:52,69269,265128,view,1742,desktop,Direct,0,Checkout,182,Control
378,3/14/2022 20:33,27927,112356,view,1459,desktop,Email,32,PLP,46.9,Variant_A
379,7/17/2021 15:45,60539,234463,click,617,mobile,Paid Search,7,Home,35.1,Control
380,10/12/2022 20:42,41173,545303,view,1222,mobile,Organic,0,Home,73.4,Control
381,1/25/2021 5:30,96833,78146,add_to_cart,630,unknown,Organic,0,Cart,76.4,Variant_B
382,9/26/2021 3:34,80113,230002,add_to_cart,71,desktop,Email,8,Home,103.5,Control
383,5/17/2023 18:01,54791,238816,view,1485,desktop,Organic,0,Cart,190.4,Control
384,6/20/2022 20:10,15456,492642,view,417,mobile,Social,41,Checkout,15.1,Control
385,4/6/2022 15:24,71,222757,view,117,desktop,Paid Search,42,PDP,92.2,Variant_A
386,2/13/2021 13:29,86958,124695,view,974,mobile,Organic,0,Checkout,219.9,Control
387,1/17/2021 5:56,24454,287646,view,1458,mobile,Organic,0,Home,69.2,Control
388,7/31/2021 19:06,99967,78594,click,673,mobile,Paid Search,38,Home,134.8,Control
389,2/13/2023 9:12,20997,417909,view,1876,mobile,Organic,0,PLP,52.2,Variant_A
390,12/19/2023 19:35,10726,139932,click,796,desktop,Direct,0,PLP,140.4,Control
391,1/13/2023 15:25,67188,188441,bounce,0,desktop,Email,17,PDP,43.7,Variant_B
392,5/20/2023 20:45,96767,601539,view,1605,mobile,Email,23,Cart,150.1,Variant_A
393,5/7/2022 19:08,17669,542788,add_to_cart,376,desktop,Paid Search,40,PLP,121.6,Control
394,6/17/2023 6:42,59292,139515,add_to_cart,1153,mobile,Email,21,Home,116.6,Control
395,7/2/2021 21:56,86097,8703,view,1842,desktop,Organic,0,PLP,174.5,Control
396,5/18/2021 10:34,65579,306732,view,1675,mobile,Organic,0,PLP,121.4,Control
397,2/18/2023 6:35,62865,75127,click,1361,mobile,Paid Search,43,Checkout,61.5,Variant_B
398,10/20/2021 5:46,58311,507726,view,441,mobile,Social,17,PDP,93,Control
399,2/26/2021 12:34,68764,306499,view,1277,mobile,Email,12,PDP,62.2,Variant_B
400,1/28/2021 20:32,78520,331116,click,1609,mobile,Social,6,Home,104.3,Control
401,8/12/2022 7:58,60847,103259,view,544,mobile,Email,9,PLP,19.6,Control
402,12/24/2022 4:14,55227,11364,add_to_cart,1145,desktop,Direct,0,Home,111.9,Variant_B
403,3/1/2021 7:32,75387,149308,view,156,desktop,Organic,0,Checkout,136.6,Control
404,3/16/2022 19:04,54278,652069,view,1924,desktop,Organic,0,PDP,42.6,Control
405,4/13/2021 11:32,64828,39124,view,138,desktop,Social,32,Cart,163.7,Variant_A
406,10/5/2021 5:14,79641,375162,view,1523,mobile,Organic,0,Checkout,119.3,Variant_B
407,11/16/2021 11:17,53846,401414,view,888,tablet,Social,46,PLP,19,Control
408,7/4/2022 22:12,60762,7539,view,312,mobile,Social,9,PLP,12.6,Control
409,3/10/2023 16:13,43883,539386,view,901,desktop,Email,39,PDP,13.5,Variant_A
410,9/16/2022 14:44,34898,32599,purchase,1813,mobile,Paid Search,36,Home,171.8,Variant_A
411,7/14/2021 13:05,54231,449759,click,380,mobile,Organic,0,PDP,122.5,Variant_A
412,4/10/2023 18:11,32924,247399,view,876,desktop,Email,19,PDP,249,Control
413,3/20/2022 14:27,70484,244936,bounce,0,mobile,Organic,0,Cart,43.6,Control
414,5/28/2023 13:57,23706,563429,view,1265,tablet,Paid Search,26,Checkout,123.5,Variant_B
415,1/7/2023 7:43,79962,453068,view,536,mobile,Social,48,PDP,92.3,Control
416,6/24/2022 17:25,16056,257108,add_to_cart,155,desktop,Paid Search,6,Home,48,Variant_B
417,6/16/2023 23:04,86616,427192,view,1345,mobile,Organic,0,PDP,21.3,Variant_A
418,9/11/2021 11:13,90887,516251,view,963,mobile,Organic,0,Home,72.6,Control
419,6/3/2022 8:45,91866,470231,view,1202,mobile,Paid Search,5,PLP,98.4,Control
420,5/28/2021 4:27,51665,17574,view,1064,mobile,Organic,0,PDP,18.9,Variant_A
421,2/3/2022 7:34,94836,577093,view,435,desktop,Organic,0,PLP,236.7,Control
422,2/4/2023 10:54,43927,98850,click,654,mobile,Organic,0,PLP,64,Control
423,4/28/2022 18:05,73458,478929,view,934,mobile,Email,5,PLP,52.6,Variant_A
424,9/10/2021 10:25,33388,195887,view,1721,desktop,Social,30,PDP,60.8,Control
425,1/23/2022 18:02,27982,553155,view,1919,mobile,Social,15,PDP,71.1,Control
426,11/22/2021 11:48,451,55105,view,174,mobile,Paid Search,11,PDP,33.5,Control
427,7/18/2021 2:24,51674,384591,view,448,mobile,Organic,0,PDP,254.7,Control
428,6/8/2023 6:37,49013,508239,add_to_cart,1874,mobile,Organic,0,PLP,425.1,Control
429,8/1/2023 9:32,87407,118973,view,355,mobile,Direct,0,PLP,124,Variant_A
430,12/4/2022 13:36,83627,340083,view,1076,mobile,Direct,0,PDP,345.3,Variant_B
431,11/7/2022 14:51,36347,117025,bounce,0,mobile,Organic,0,Home,12.7,Variant_A
432,9/13/2023 0:45,52640,295661,view,1675,mobile,Organic,0,Cart,11.7,Control
433,6/20/2022 18:31,28667,446804,bounce,0,mobile,Organic,0,PLP,105.4,Control
434,3/26/2023 23:55,54158,5575,view,592,desktop,Email,46,Home,163.9,Control
435,2/17/2022 18:48,30959,314052,add_to_cart,883,desktop,Direct,0,PDP,127.7,Control
436,9/8/2023 7:33,40327,335370,view,749,mobile,Organic,0,PLP,143.1,Control
437,12/9/2021 5:26,31782,507140,click,538,mobile,Organic,0,PLP,58.9,Control
438,8/7/2022 14:07,62045,169895,view,1824,desktop,Organic,0,PDP,11.8,Control
439,4/13/2021 15:36,20434,173654,view,1075,desktop,Organic,0,Home,116.4,Control
440,11/14/2021 16:30,71729,524921,view,1778,mobile,Email,41,PLP,49.7,Control
441,2/24/2023 7:38,7161,308021,bounce,0,mobile,Paid Search,41,PDP,75.8,Control
442,9/26/2023 6:51,46244,200108,view,1726,desktop,Organic,0,PLP,156.6,Control
443,11/11/2023 0:17,71544,560659,view,1111,mobile,Organic,0,PDP,102.4,Variant_A
444,12/7/2021 23:29,23660,364829,view,1065,mobile,Social,11,PLP,50,Control
445,11/2/2023 1:33,70303,328775,view,1456,mobile,Email,13,Cart,277.4,Variant_A
446,4/28/2023 14:08,32534,117397,view,1945,desktop,Organic,0,Home,30.7,Control
447,2/8/2022 14:45,6546,355952,view,113,desktop,Social,7,PDP,128.9,Control
448,10/3/2023 17:22,96562,228593,view,191,mobile,Organic,0,PLP,97.2,Control
449,12/2/2022 14:05,96103,471389,view,1686,desktop,Social,13,PLP,119.5,Control
450,12/11/2023 18:26,28033,588880,view,1400,desktop,Organic,0,Checkout,40.8,Variant_A
451,8/15/2022 15:31,26483,183546,view,837,mobile,Social,36,PDP,29.8,Control
452,6/25/2021 11:34,4393,247472,click,1398,desktop,Paid Search,37,Checkout,112.5,Variant_A
453,6/3/2021 13:34,27235,2924,click,701,desktop,Organic,0,PDP,84.7,Control
454,2/21/2021 12:06,4716,145524,view,53,desktop,Organic,0,PLP,418.5,Variant_A
455,7/14/2022 17:17,88983,394071,bounce,0,mobile,Organic,0,PLP,43.9,Control
456,12/2/2021 13:38,55236,547914,click,74,mobile,Paid Search,37,Checkout,9.7,Control
457,8/11/2022 21:17,83648,301929,click,116,mobile,Email,42,Home,50.9,Control
458,1/10/2022 19:28,53412,390750,click,1019,tablet,Organic,0,PLP,159,Variant_A
459,6/15/2022 14:32,22111,27580,add_to_cart,1706,desktop,Organic,0,Cart,183.4,Control
460,10/25/2022 8:14,20148,471312,view,230,mobile,Direct,0,PLP,26.1,Control
461,12/29/2022 10:20,50418,413433,view,1190,mobile,Organic,0,Checkout,36.5,Variant_B
462,11/14/2022 5:35,27797,157495,view,763,mobile,Organic,0,Home,56.6,Control
463,10/3/2023 8:42,6547,240461,view,611,desktop,Organic,0,PLP,21.9,Control
464,3/3/2021 12:55,55660,538897,view,517,desktop,Organic,0,PDP,21.3,Control
465,10/26/2022 21:48,69572,524297,click,786,mobile,Paid Search,32,PLP,106.2,Variant_B
466,6/14/2022 19:05,89238,170200,view,1005,desktop,Paid Search,44,Home,30.1,Control
467,12/10/2021 8:23,56878,241584,bounce,0,desktop,Organic,0,PDP,109,Variant_B
468,7/30/2023 15:03,74868,355171,view,434,mobile,Paid Search,26,Home,126,Control
469,3/15/2023 4:34,4768,156886,add_to_cart,840,desktop,Direct,0,Home,215.4,Variant_B
470,6/19/2023 7:58,20399,44139,view,822,desktop,Organic,0,PLP,28.6,Control
471,12/30/2022 3:49,4063,78771,click,1871,mobile,Email,38,PDP,81.9,Variant_A
472,12/15/2023 15:35,56906,56150,view,374,mobile,Organic,0,PDP,148,Control
473,5/21/2023 12:02,67404,513851,view,1597,desktop,Organic,0,PLP,73.5,Control
474,10/4/2023 17:30,11732,156413,view,867,mobile,Social,25,PLP,118.6,Control
475,7/9/2023 7:43,21234,59853,view,1231,mobile,Social,5,Home,37.3,Variant_A
476,1/4/2023 16:13,61279,360602,view,669,mobile,Paid Search,6,PLP,68.1,Variant_B
477,6/3/2021 7:28,51012,166287,view,1971,desktop,Organic,0,PLP,114.9,Control
478,6/26/2023 7:25,36934,549183,add_to_cart,1420,mobile,Organic,0,PDP,80.3,Control
479,10/10/2023 21:23,54240,581606,view,392,desktop,Organic,0,PDP,116.9,Control
480,5/3/2022 4:10,59708,400595,view,272,mobile,Email,14,Home,29.2,Variant_A
481,12/21/2022 16:34,86971,203647,add_to_cart,1684,mobile,Social,18,PLP,54,Variant_B
482,4/10/2022 15:41,67262,162914,bounce,0,mobile,Paid Search,35,PLP,172.6,Variant_A
483,2/23/2021 15:31,32830,113840,view,224,mobile,Social,12,PDP,29.1,Control
484,2/28/2022 15:24,45133,407255,view,1242,mobile,Direct,0,PDP,88.9,Control
485,2/20/2022 13:07,12564,585583,view,347,desktop,Organic,0,Home,190.3,Control
486,2/12/2022 18:09,9744,518614,view,776,mobile,Paid Search,9,Home,101.9,Control
487,10/13/2021 10:28,40574,352126,view,1914,mobile,Organic,0,Checkout,109.2,Control
488,7/30/2021 20:33,57011,656625,click,1294,mobile,Email,22,PDP,30.2,Variant_B
489,6/8/2022 18:13,10644,38489,view,194,mobile,Organic,0,PDP,258.6,Control
490,12/10/2022 7:10,88637,202503,view,571,mobile,Paid Search,20,Cart,226.7,Control
491,11/3/2021 6:20,17574,183468,purchase,780,mobile,Social,33,Cart,58.1,Variant_A
492,7/6/2023 11:11,46649,630450,view,1207,desktop,Direct,0,PDP,114,Control
493,2/22/2021 18:35,3116,199823,click,1512,desktop,Paid Search,6,PLP,94.9,Variant_A
494,10/18/2022 6:44,3583,106734,click,1431,mobile,Organic,0,Home,33.7,Variant_B
495,4/13/2021 21:27,78003,114758,click,32,mobile,Organic,0,Home,122.6,Control
496,5/22/2022 22:58,21695,335605,bounce,0,mobile,Organic,0,PLP,47.6,Control
497,2/8/2021 22:38,71998,626403,click,1193,tablet,Email,20,Home,107.6,Control
498,12/21/2023 12:59,98290,435768,click,1158,mobile,Email,23,PDP,251.7,Control
499,3/10/2023 18:42,9296,5666,view,212,mobile,Social,11,Home,78.3,Control
500,11/21/2023 6:20,91025,584215,view,109,desktop,Organic,0,Cart,71,Control
501,9/11/2021 12:45,31465,405871,click,130,mobile,Social,14,Checkout,108,Variant_B
502,4/22/2022 17:59,1132,459409,click,1687,mobile,Email,42,PLP,77,Variant_A
503,10/28/2022 14:01,64202,13932,view,1779,desktop,Organic,0,PDP,252,Variant_A
504,6/30/2021 5:33,890,448874,click,1361,mobile,Paid Search,40,Home,126,Variant_A
505,2/14/2022 11:05,99675,229970,click,379,mobile,Paid Search,10,PDP,115.2,Variant_A
506,2/21/2022 5:26,97821,468240,view,296,desktop,Paid Search,45,PDP,89,Control
507,8/10/2023 20:07,39988,657250,click,1426,desktop,Paid Search,26,PLP,268.7,Variant_B
508,1/16/2021 18:45,91885,607384,view,1576,mobile,Paid Search,2,PDP,51.6,Control
509,1/26/2021 9:47,81956,327368,purchase,561,desktop,Paid Search,21,Home,159.4,Variant_A
510,1/17/2021 19:25,29831,90323,add_to_cart,188,mobile,Email,39,PDP,88.3,Variant_B
511,8/1/2021 12:06,3460,158500,click,1478,desktop,Social,12,PDP,121.4,Control
512,6/6/2021 0:09,94888,304281,view,1585,desktop,Email,44,Checkout,125.9,Variant_A
513,9/3/2023 12:48,36945,201917,purchase,1611,mobile,Organic,0,PLP,85.7,Control
514,12/4/2021 15:48,74563,539192,bounce,0,mobile,Paid Search,5,PDP,42,Control
515,11/14/2022 15:36,37668,625273,add_to_cart,356,desktop,Paid Search,42,PDP,55.5,Variant_A
516,11/11/2023 6:23,71101,458704,view,1750,desktop,Paid Search,25,PLP,65.8,Control
517,5/16/2022 14:05,91979,52340,purchase,1,desktop,Social,24,PLP,56.7,Control
518,2/16/2023 5:49,40944,546061,add_to_cart,1752,mobile,Organic,0,PLP,82,Control
519,2/11/2022 0:16,35947,126571,bounce,0,desktop,Paid Search,27,PDP,208.5,Control
520,2/27/2022 19:48,16826,332036,bounce,0,desktop,Email,26,PLP,115.8,Variant_A
521,9/20/2021 10:09,5221,29224,click,809,mobile,Paid Search,3,Cart,313.6,Control
522,10/9/2023 21:49,6653,348347,click,1395,desktop,Organic,0,Cart,226.3,Variant_A
523,9/7/2021 12:34,33080,649251,click,1517,mobile,Organic,0,PLP,23.7,Variant_A
524,1/31/2021 13:38,41789,266505,click,1111,mobile,Social,38,Cart,82.8,Variant_A
525,11/7/2023 10:23,1840,408866,bounce,0,mobile,Paid Search,10,PLP,46.9,Control
526,12/8/2022 17:31,23540,357968,click,1826,desktop,Organic,0,Home,39.8,Control
527,9/2/2022 20:31,22953,224122,view,465,desktop,Social,27,PDP,247.4,Control
528,1/2/2023 18:25,38634,454061,click,1230,mobile,Direct,0,Home,104.8,Variant_B
529,4/26/2023 0:25,63573,227941,view,1590,mobile,Organic,0,PDP,62.1,Variant_A
530,1/23/2022 20:01,95226,265802,bounce,0,desktop,Organic,0,PLP,159.4,Control
531,9/7/2023 12:20,36885,406216,click,1697,desktop,Organic,0,PLP,194.3,Control
532,5/28/2021 0:29,80806,541670,view,1731,mobile,Paid Search,37,Home,18.3,Control
533,9/26/2022 20:14,80325,207950,view,1007,desktop,Social,2,Home,56.4,Control
534,3/17/2023 6:07,32964,68468,click,1402,desktop,Email,24,PLP,77.1,Control
535,12/7/2023 8:08,848,614800,view,1362,desktop,Paid Search,11,PDP,23.1,Variant_B
536,4/27/2021 12:15,9898,134162,view,1250,mobile,Organic,0,PLP,71.4,Control
537,8/13/2022 7:29,2530,409746,purchase,275,mobile,Organic,0,Home,108.7,Variant_B
538,10/17/2022 15:27,31870,98230,view,123,tablet,Email,20,PDP,32,Variant_A
539,1/16/2023 11:56,27023,31596,view,1971,mobile,Direct,0,PDP,51.7,Control
540,3/10/2022 19:36,42171,510108,view,1812,mobile,Paid Search,11,Home,40.8,Variant_A
541,3/1/2023 11:30,24594,365582,click,1056,desktop,Paid Search,32,PLP,102.7,Control
542,12/29/2022 14:25,98341,150002,view,333,mobile,Social,22,Checkout,97.4,Control
543,1/19/2022 18:04,27124,217135,bounce,0,mobile,Organic,0,Home,253,Variant_B
544,3/17/2022 4:45,58201,417820,view,1462,mobile,Direct,0,Home,81.1,Variant_B
545,11/26/2023 0:01,29854,227525,view,1870,mobile,Organic,0,PLP,106.5,Variant_B
546,4/27/2022 13:15,41578,212952,click,165,mobile,Organic,0,Home,95.2,Control
547,11/19/2022 17:01,56990,311558,view,1698,desktop,Paid Search,42,PLP,121.8,Control
548,11/22/2023 15:42,64533,507777,view,1376,mobile,Organic,0,PDP,58.1,Control
549,8/9/2021 5:49,88723,581745,view,959,tablet,Organic,0,Cart,730.7,Variant_B
550,9/14/2022 17:29,57069,244454,view,875,tablet,Organic,0,PDP,146.1,Variant_A
551,6/27/2021 9:37,90498,350366,click,1106,desktop,Paid Search,9,PLP,189.6,Control
552,10/26/2021 14:48,16973,195309,add_to_cart,1022,mobile,Direct,0,PDP,290.3,Control
553,11/1/2021 17:21,5584,352093,view,791,desktop,Email,33,PDP,207,Variant_B
554,5/19/2022 7:17,86002,438395,view,622,mobile,Email,39,Cart,196.8,Variant_B
555,5/16/2022 11:12,13564,627085,view,1660,mobile,Social,7,PDP,92.2,Control
556,4/24/2023 20:39,76373,241017,view,1378,desktop,Social,37,Cart,15.9,Variant_B
557,7/26/2021 15:33,16379,565624,add_to_cart,752,desktop,Email,31,PLP,86.1,Control
558,1/22/2023 13:01,23423,89088,view,146,mobile,Email,35,Home,46.6,Variant_A
559,9/19/2021 16:44,25399,26073,purchase,787,mobile,Paid Search,4,PDP,169.2,Control
560,2/12/2023 12:19,52624,536269,view,1795,tablet,Organic,0,Checkout,71.7,Variant_B
561,1/1/2022 17:37,31034,585134,click,1208,mobile,Direct,0,Home,169,Variant_B
562,1/12/2021 17:29,60124,358808,view,343,mobile,Organic,0,PDP,198.7,Control
563,10/26/2023 17:43,90497,453276,bounce,0,mobile,Paid Search,13,PDP,94.8,Control
564,4/18/2022 14:44,8857,353366,view,983,desktop,Paid Search,32,Cart,55.7,Variant_B
565,4/24/2021 15:09,55988,379837,click,139,mobile,Organic,0,PDP,79.5,Control
566,11/27/2023 18:18,9573,594089,view,245,desktop,Paid Search,41,PDP,60.7,Variant_B
567,11/16/2021 8:47,12186,500981,add_to_cart,214,tablet,Paid Search,12,Cart,152,Control
568,2/5/2022 19:38,16867,295296,view,1852,mobile,Organic,0,Home,163.6,Control
569,11/19/2022 15:44,75893,451735,view,1899,mobile,Organic,0,Home,182.2,Variant_A
570,1/10/2022 23:38,13139,132604,view,680,desktop,Organic,0,Home,303,Control
571,5/26/2022 20:05,17171,191858,view,367,unknown,Paid Search,6,Cart,51.3,Control
572,1/16/2023 14:33,40676,515966,view,1772,mobile,Email,4,PDP,110.6,Control
573,1/16/2022 9:00,56877,245911,view,403,mobile,Social,42,PDP,150.6,Variant_A
574,12/27/2021 17:30,75187,477270,view,1908,mobile,Organic,0,Cart,146.9,Variant_A
575,9/22/2022 18:17,78339,244941,view,495,desktop,Organic,0,Home,185,Variant_A
576,5/9/2022 16:33,12817,446659,bounce,0,mobile,Paid Search,13,PLP,104,Control
577,8/19/2022 11:33,52914,373801,add_to_cart,57,mobile,Organic,0,Checkout,87.7,Control
578,5/31/2021 12:05,94276,365753,view,127,mobile,Social,22,Cart,53.9,Variant_A
579,3/27/2022 10:19,35255,446555,view,1585,mobile,Email,14,Home,110.5,Control
580,12/10/2021 21:50,34086,458202,add_to_cart,241,mobile,Organic,0,PDP,209.8,Control
581,9/18/2021 14:24,41507,324151,click,719,mobile,Paid Search,46,PLP,136.3,Variant_A
582,11/18/2022 18:25,93028,650477,view,1340,desktop,Organic,0,Checkout,102.7,Variant_A
583,2/9/2022 21:29,10951,387952,add_to_cart,1366,mobile,Direct,0,PLP,75.8,Control
584,11/24/2021 2:22,44827,484565,view,435,mobile,Paid Search,50,PLP,51.1,Control
585,11/21/2022 10:19,31214,23495,click,996,mobile,Organic,0,PLP,10.9,Variant_A
586,4/8/2021 5:25,50709,52136,add_to_cart,1997,desktop,Email,40,PDP,138.4,Control
587,7/26/2023 11:00,28330,363097,view,1362,mobile,Organic,0,PLP,95.1,Variant_A
588,10/21/2022 7:20,25126,162981,click,708,tablet,Email,8,PLP,66.6,Control
589,11/22/2023 14:20,63906,558842,click,759,desktop,Organic,0,PLP,106.2,Control
590,5/8/2022 6:57,8234,161760,view,952,desktop,Social,47,PLP,149.6,Variant_A
591,2/15/2021 16:16,62817,379643,view,1325,tablet,Social,7,Checkout,125.6,Variant_A
592,11/3/2022 16:59,65074,289405,view,200,desktop,Email,18,PLP,117.5,Control
593,1/7/2023 7:30,40416,179900,click,214,desktop,Social,25,PLP,53.3,Control
594,6/16/2021 16:30,95064,209986,bounce,0,tablet,Social,46,Home,231.4,Variant_B
595,2/25/2023 11:56,50272,41930,view,269,mobile,Email,43,PLP,102.2,Variant_A
596,1/17/2022 13:07,5903,436010,purchase,1461,mobile,Social,34,PDP,6.4,Control
597,12/17/2022 16:58,72379,383079,click,1821,mobile,Organic,0,PLP,54.6,Control
598,11/28/2023 22:59,6830,327626,view,1762,mobile,Organic,0,Cart,34.6,Control
599,6/1/2023 18:29,83054,631564,click,387,mobile,Organic,0,PLP,128.5,Control
600,12/9/2021 12:14,72974,442798,view,1578,desktop,Email,38,PLP,175.5,Variant_A
601,2/15/2021 14:04,25419,558549,view,1216,desktop,Organic,0,PDP,64.5,Control
602,3/9/2023 19:37,36,587351,view,1592,mobile,Social,50,PDP,195.6,Control
603,7/10/2023 9:23,80955,366101,bounce,0,mobile,Direct,0,Cart,267.8,Variant_B
604,2/5/2021 6:01,56507,479815,add_to_cart,1333,mobile,Organic,0,Checkout,59.1,Variant_B
605,4/7/2021 13:02,53145,482744,click,1082,tablet,Organic,0,Home,112.8,Control
606,11/14/2023 5:10,25814,489551,bounce,0,mobile,Direct,0,Cart,182.8,Control
607,12/18/2023 14:43,65758,639918,bounce,0,tablet,Paid Search,48,Checkout,78.6,Control
608,8/24/2021 12:59,54539,358183,view,1132,mobile,Organic,0,PLP,128.9,Control
609,12/3/2022 6:00,30609,389810,view,544,mobile,Organic,0,PDP,56.8,Control
610,8/26/2022 17:25,53894,16276,bounce,0,desktop,Paid Search,14,Home,67.3,Control
611,7/8/2021 5:33,86442,366285,view,1974,mobile,Direct,0,Cart,59,Variant_A
612,9/9/2021 7:32,64050,503939,click,1803,desktop,Organic,0,PDP,216.7,Variant_B
613,1/20/2023 22:25,40484,404381,view,23,desktop,Social,17,PLP,15,Variant_A
614,4/2/2022 9:50,34719,481466,view,64,desktop,Organic,0,PDP,287.3,Control
615,1/4/2023 21:27,65785,483697,view,526,mobile,Organic,0,PDP,47.4,Control
616,5/5/2023 5:40,17006,130606,click,855,desktop,Organic,0,PLP,78.7,Control
617,2/23/2023 16:46,72038,123178,view,1824,mobile,Social,45,Cart,103.1,Control
618,12/22/2022 3:10,17283,141582,view,1327,mobile,Paid Search,48,Cart,5.7,Variant_A
619,11/3/2023 11:01,89392,450157,view,222,mobile,Organic,0,PLP,19.9,Control
620,11/21/2023 22:30,72649,564976,bounce,0,mobile,Organic,0,PDP,146,Variant_A
621,12/1/2023 19:36,24094,327485,view,825,mobile,Paid Search,24,PLP,58.4,Variant_B
622,6/9/2021 15:51,48008,204091,view,740,mobile,Organic,0,Checkout,780.4,Variant_B
623,4/25/2023 4:11,9365,233035,click,690,mobile,Email,1,PDP,99,Variant_A
624,1/21/2021 11:54,11992,333235,view,1853,desktop,Email,19,PDP,144.9,Variant_B
625,7/14/2022 1:40,36410,658364,view,370,desktop,Email,12,PLP,42,Variant_A
626,10/6/2023 18:29,43967,376415,view,1002,tablet,Organic,0,PLP,49,Control
627,3/22/2021 15:58,78683,165934,view,983,desktop,Social,18,PDP,234.5,Variant_A
628,8/27/2022 17:01,12609,538135,view,1243,desktop,Paid Search,30,PLP,59.1,Control
629,1/12/2023 12:07,43161,643553,view,1544,mobile,Paid Search,14,Home,79,Control
630,12/28/2023 7:11,3769,225119,add_to_cart,1219,desktop,Direct,0,PDP,42.8,Variant_B
631,4/16/2021 18:15,49084,218877,view,1260,mobile,Social,38,PDP,133.2,Variant_A
632,2/14/2023 20:52,70352,469862,view,1601,mobile,Social,9,Cart,210,Control
633,1/27/2023 20:52,76998,594672,click,122,mobile,Email,3,Home,25.3,Control
634,2/5/2022 14:51,86209,440621,view,79,mobile,Paid Search,44,PDP,46.1,Control
635,8/3/2021 15:54,63509,85133,view,61,mobile,Organic,0,Cart,117.9,Control
636,12/20/2021 20:22,51398,64671,bounce,0,mobile,Organic,0,Checkout,88.4,Control
637,10/15/2022 12:03,88076,580129,click,1547,mobile,Organic,0,PLP,228,Variant_A
638,4/26/2021 1:17,49310,69258,click,1026,desktop,Organic,0,PLP,100.9,Control
639,9/28/2022 12:14,15360,558147,view,816,mobile,Direct,0,Checkout,104.2,Control
640,7/4/2022 23:00,41315,148610,bounce,0,desktop,Organic,0,PLP,190.1,Control
641,8/24/2021 4:50,94982,397460,purchase,386,mobile,Organic,0,Cart,45.4,Control
642,10/31/2021 21:15,63597,290261,view,1764,mobile,Organic,0,Home,208.1,Control
643,7/28/2021 5:57,45636,164435,view,629,tablet,Organic,0,Home,99.7,Control
644,7/31/2021 9:38,50019,6527,click,1018,desktop,Paid Search,24,Checkout,44.5,Control
645,12/13/2021 16:48,16578,239924,view,1252,mobile,Social,26,Home,154,Control
646,11/1/2023 7:47,93743,151768,view,356,mobile,Paid Search,16,PLP,59.5,Control
647,1/16/2021 8:35,64527,86151,click,1126,mobile,Email,15,PDP,23.6,Variant_A
648,11/8/2022 8:09,53564,535940,click,1370,desktop,Paid Search,23,PDP,43.2,Control
649,6/16/2022 12:51,98816,192009,click,1065,desktop,Paid Search,43,PLP,131.8,Control
650,7/8/2023 8:09,77991,376440,view,1783,desktop,Email,10,Home,57.5,Control
651,3/14/2022 6:07,80837,145342,bounce,0,desktop,Paid Search,19,PLP,152.7,Variant_B
652,4/6/2022 21:47,14354,63088,view,131,mobile,Email,6,PDP,95.3,Variant_B
653,8/29/2023 22:59,58045,272282,click,1851,mobile,Direct,0,Cart,163.4,Variant_B
654,10/23/2023 5:23,80826,593401,bounce,0,tablet,Organic,0,Home,25.7,Control
655,1/7/2022 2:22,74129,46980,view,274,desktop,Organic,0,PDP,100.5,Control
656,8/15/2021 8:15,38914,589985,bounce,0,mobile,Paid Search,46,Cart,162,Variant_A
657,8/31/2023 7:52,90699,356273,add_to_cart,1092,desktop,Organic,0,PDP,50.7,Variant_B
658,7/21/2021 18:06,91325,121932,view,604,mobile,Paid Search,6,PDP,375.5,Control
659,8/23/2021 0:41,96464,543354,click,279,mobile,Organic,0,PDP,151.5,Variant_A
660,4/5/2023 3:02,25693,21993,view,1643,mobile,Direct,0,PLP,84.5,Variant_A
661,11/1/2021 7:59,23601,447655,view,123,desktop,Paid Search,8,Home,89.2,Control
662,8/20/2023 22:51,31677,418727,view,1664,mobile,Paid Search,17,Cart,59.5,Control
663,9/27/2022 17:48,81409,177188,purchase,814,mobile,Paid Search,37,Cart,54.8,Control
664,5/4/2021 18:17,27149,555525,add_to_cart,1325,mobile,Organic,0,PLP,123.2,Control
665,11/5/2021 21:10,58335,561105,add_to_cart,1847,desktop,Direct,0,Checkout,43.2,Variant_A
666,9/22/2023 6:29,28247,629176,click,1156,desktop,Social,32,Home,174.5,Variant_B
667,12/19/2023 12:14,35716,134779,view,690,mobile,Organic,0,PLP,52,Control
668,11/1/2022 13:19,90301,584294,view,917,mobile,Organic,0,Home,159.4,Control
669,12/18/2021 18:29,50548,335994,click,1029,mobile,Paid Search,5,Home,62.2,Variant_A
670,10/18/2021 7:41,87872,358459,view,461,desktop,Paid Search,25,PDP,131.4,Control
671,6/23/2022 9:10,35179,503368,view,1874,mobile,Organic,0,PLP,152.6,Control
672,2/24/2021 18:06,88267,80296,view,1882,desktop,Organic,0,PDP,64.4,Variant_B
673,3/22/2021 5:42,56135,373913,click,750,unknown,Social,19,Home,192,Control
674,12/27/2021 14:17,72127,66312,add_to_cart,550,mobile,Email,10,PLP,70.5,Control
675,9/10/2022 10:48,12666,23782,bounce,0,desktop,Paid Search,35,Home,81,Control
676,8/14/2022 20:15,8236,404651,add_to_cart,849,mobile,Organic,0,Home,75.4,Variant_B
677,2/8/2022 23:30,82175,405156,click,678,desktop,Organic,0,PDP,46.4,Variant_A
678,9/4/2021 15:31,44094,42683,click,1743,mobile,Organic,0,Home,29.4,Control
679,1/27/2021 12:09,678,276327,view,271,desktop,Organic,0,PDP,0.9,Control
680,9/24/2022 17:35,35948,479993,view,154,desktop,Organic,0,Home,90.9,Control
681,6/12/2023 6:31,81997,163861,view,320,mobile,Paid Search,25,PDP,134.4,Control
682,10/6/2022 23:36,1460,213568,click,136,desktop,Organic,0,Cart,214.7,Variant_A
683,10/26/2023 15:38,75822,218526,view,446,mobile,Social,40,PLP,62.9,Variant_A
684,8/23/2022 19:45,658,52771,bounce,0,mobile,Social,14,Home,140.7,Control
685,1/14/2021 10:30,4790,28799,view,1999,mobile,Paid Search,13,PDP,313.1,Control
686,5/19/2022 20:43,48669,537435,click,332,mobile,Organic,0,PLP,164.9,Variant_A
687,10/5/2022 0:26,563,343614,add_to_cart,1723,mobile,Social,45,PLP,221.1,Variant_A
688,5/7/2021 4:07,81957,423550,purchase,722,tablet,Email,24,PLP,96,Variant_A
689,7/26/2022 6:21,25926,173643,click,796,desktop,Organic,0,Checkout,109.5,Variant_B
690,4/9/2023 16:48,18827,466444,bounce,0,mobile,Organic,0,PLP,144.1,Control
691,11/28/2021 20:28,7845,511485,view,455,desktop,Paid Search,43,PDP,56.1,Control
692,4/5/2021 15:11,5695,395018,view,650,mobile,Email,1,PDP,71.2,Control
693,6/22/2022 18:11,79009,336067,bounce,0,desktop,Organic,0,Cart,206.1,Control
694,8/7/2021 15:59,34782,208540,view,1236,mobile,Paid Search,45,PLP,61.1,Control
695,12/5/2021 20:36,94370,131710,view,1455,mobile,Social,21,PDP,196.1,Control
696,11/11/2023 22:02,65636,574348,view,1407,desktop,Organic,0,Home,226.5,Control
697,3/12/2021 17:23,49412,453047,bounce,0,desktop,Paid Search,3,PDP,107.7,Control
698,1/25/2021 7:56,51951,99338,click,1967,mobile,Direct,0,PLP,204.4,Control
699,10/29/2022 13:52,42120,110303,view,1645,desktop,Organic,0,Home,21.6,Control
700,9/15/2022 14:30,81719,157625,click,1123,desktop,Organic,0,PDP,85.2,Control
701,8/18/2022 21:19,39030,624543,view,1511,desktop,Paid Search,43,Cart,92.1,Variant_A
702,4/14/2021 18:24,93191,357536,view,1871,mobile,Organic,0,PLP,121,Control
703,12/27/2022 22:28,16728,268299,purchase,1680,mobile,Paid Search,10,PLP,122.3,Control
704,12/1/2022 5:04,62632,239833,click,96,mobile,Organic,0,Cart,118.8,Control
705,1/29/2021 15:27,76706,62071,view,1058,mobile,Organic,0,Home,357.2,Variant_B
706,10/4/2023 5:32,96730,602632,add_to_cart,402,mobile,Social,20,PDP,219.2,Control
707,9/7/2023 20:01,61847,411741,add_to_cart,1388,desktop,Organic,0,PDP,79.1,Variant_A
708,8/15/2022 18:29,46402,276147,view,142,desktop,Organic,0,PLP,37.8,Variant_A
709,7/9/2021 20:36,56445,60060,add_to_cart,1857,mobile,Direct,0,PDP,104.6,Control
710,3/14/2021 13:14,93154,222921,click,380,mobile,Organic,0,PDP,133.1,Control
711,3/1/2022 16:20,28496,182059,view,794,mobile,Paid Search,26,Home,189.9,Control
712,7/18/2021 20:34,85382,507655,view,384,mobile,Organic,0,PLP,61.5,Variant_B
713,9/28/2022 5:48,23979,396470,click,158,mobile,Paid Search,43,Home,126.9,Control
714,10/3/2022 11:41,58841,370630,view,61,tablet,Email,1,PLP,65.4,Variant_B
715,10/10/2022 13:07,21989,16333,view,1635,desktop,Paid Search,21,PDP,34.2,Control
716,9/12/2022 23:19,99968,441940,view,594,mobile,Organic,0,Home,22.9,Control
717,10/22/2021 8:46,89035,444074,add_to_cart,578,mobile,Organic,0,Checkout,125.2,Control
718,1/3/2022 14:46,24391,391591,view,1077,unknown,Social,49,PDP,295.4,Control
719,9/14/2021 5:31,73834,104992,view,1958,mobile,Organic,0,Checkout,82.3,Control
720,1/23/2021 18:42,58126,586933,view,1116,desktop,Organic,0,PDP,195.5,Control
721,3/5/2021 17:12,85631,613218,view,1558,mobile,Direct,0,Home,133,Control
722,5/2/2022 16:25,44327,278815,view,1757,mobile,Organic,0,Home,87,Control
723,12/8/2022 21:52,11305,268566,bounce,0,mobile,Email,41,PLP,128.5,Control
724,8/1/2023 16:33,89940,469812,bounce,0,mobile,Organic,0,PDP,83,Control
725,1/10/2021 15:07,20394,514555,add_to_cart,473,mobile,Paid Search,49,PDP,50.3,Variant_A
726,4/29/2021 14:19,60386,450902,view,556,mobile,Organic,0,PDP,340.4,Variant_A
727,2/24/2021 6:00,10388,354638,view,1934,mobile,Organic,0,Cart,31.7,Variant_B
728,5/25/2023 20:53,25905,27771,click,837,mobile,Paid Search,45,PDP,99.4,Control
729,10/4/2022 7:05,2322,109556,purchase,1129,mobile,Email,14,PDP,427.9,Control
730,3/4/2022 15:48,36632,29823,click,498,mobile,Email,25,PLP,106.3,Control
731,11/24/2022 5:26,48484,307145,click,520,desktop,Social,50,PLP,60.6,Control
732,6/24/2022 22:03,14778,14430,view,1839,unknown,Organic,0,PDP,33.6,Control
733,8/12/2023 18:45,79699,470046,add_to_cart,1929,mobile,Social,8,Home,541.6,Control
734,5/13/2022 10:32,51024,636091,add_to_cart,1273,desktop,Organic,0,PLP,156.9,Control
735,1/30/2022 16:56,49642,383680,view,847,mobile,Email,38,PLP,53.4,Variant_A
736,12/12/2021 15:18,11721,486802,bounce,0,mobile,Social,19,Checkout,346.5,Control
737,9/5/2022 21:57,21551,589377,view,1749,desktop,Direct,0,Home,90.1,Control
738,2/28/2023 10:02,59470,20600,click,850,desktop,Email,27,Checkout,27.4,Control
739,6/28/2021 11:27,63722,501178,add_to_cart,827,desktop,Email,17,PLP,44.2,Control
740,5/5/2022 20:19,15615,242485,view,1908,mobile,Social,1,PDP,66.8,Control
741,2/8/2021 15:41,43677,460437,add_to_cart,132,mobile,Organic,0,Checkout,231.3,Variant_A
742,9/26/2022 19:13,29061,609566,view,781,mobile,Email,49,PDP,318.3,Variant_B
743,2/1/2021 13:34,34473,15341,view,1225,mobile,Email,41,PLP,38.8,Variant_A
744,9/1/2023 22:27,58301,441482,view,91,mobile,Paid Search,38,PDP,101.7,Control
745,11/13/2021 23:10,16815,335038,click,748,desktop,Email,18,PDP,87,Variant_A
746,2/15/2023 7:23,54498,627907,view,1470,mobile,Paid Search,32,PDP,165.9,Control
747,3/29/2023 6:36,55789,36610,view,1423,mobile,Email,28,PDP,301,Control
748,9/17/2023 4:45,66277,175130,add_to_cart,1585,desktop,Organic,0,PLP,109.9,Variant_A
749,7/6/2021 19:53,32544,198416,view,1450,desktop,Direct,0,PLP,80.7,Control
750,12/7/2022 12:27,13518,391457,view,1715,desktop,Organic,0,PDP,243.8,Variant_A
751,2/16/2022 16:07,80469,82221,click,367,mobile,Paid Search,16,PDP,25.3,Control
752,11/28/2022 5:00,12681,601880,click,705,mobile,Organic,0,PDP,59.4,Control
753,8/7/2021 20:28,93977,109287,view,1853,desktop,Email,18,Home,174.6,Variant_B
754,10/9/2023 9:13,54135,600700,view,293,mobile,Paid Search,48,PLP,76.2,Control
755,6/25/2022 17:22,12003,114643,view,1038,desktop,Organic,0,PLP,23.4,Control
756,8/21/2022 15:57,74890,472308,add_to_cart,1986,mobile,Email,6,PLP,317.6,Control
757,5/19/2023 12:11,31729,625732,view,1709,desktop,Direct,0,PDP,145.6,Control
758,7/17/2023 13:46,25210,116396,click,1699,mobile,Paid Search,6,Cart,120.6,Control
759,3/22/2022 7:30,5555,269190,view,108,mobile,Direct,0,Home,114.4,Variant_B
760,10/22/2021 9:08,56542,396966,click,354,desktop,Social,39,Cart,262.9,Variant_B
761,6/5/2021 21:42,85787,105546,view,593,mobile,Paid Search,27,PDP,114.8,Variant_B
762,11/28/2023 8:27,49340,31905,bounce,0,mobile,Paid Search,5,PDP,195.4,Variant_A
763,6/8/2021 7:03,92930,79652,click,1375,mobile,Organic,0,Checkout,168.8,Control
764,9/15/2023 4:26,98794,192242,bounce,0,desktop,Social,28,Home,113.5,Control
765,2/7/2022 13:30,79734,370316,view,1970,mobile,Organic,0,Home,57.1,Control
766,9/21/2021 10:23,57641,86323,add_to_cart,536,mobile,Direct,0,Home,29.1,Control
767,4/14/2021 16:22,3207,198432,add_to_cart,1944,tablet,Direct,0,PLP,222.2,Control
768,1/7/2022 4:30,63505,354238,view,1442,mobile,Email,38,PDP,2.3,Control
769,5/7/2021 12:03,75054,362904,view,122,desktop,Organic,0,Home,50.7,Variant_B
770,5/12/2023 4:40,79080,232468,click,1559,desktop,Social,2,Checkout,66.6,Control
771,4/5/2022 17:06,82254,596093,view,1746,mobile,Organic,0,PDP,116.7,Control
772,9/8/2023 22:51,99880,600999,view,1356,mobile,Organic,0,PDP,226.8,Control
773,12/26/2023 18:27,92937,257760,click,1849,desktop,Direct,0,Home,37,Variant_A
774,12/1/2022 22:55,8770,472659,view,226,desktop,Organic,0,Cart,40.9,Control
775,7/27/2022 6:06,9313,126160,add_to_cart,1985,mobile,Direct,0,PDP,204.2,Variant_A
776,6/26/2021 16:03,77973,80258,click,869,desktop,Organic,0,PLP,48.6,Variant_B
777,9/28/2023 0:00,43491,313539,click,348,mobile,Organic,0,PDP,76,Variant_B
778,5/6/2023 6:03,56943,65377,click,173,mobile,Paid Search,21,PDP,96.8,Control
779,5/15/2023 13:13,94829,643606,add_to_cart,829,mobile,Email,4,PLP,97.3,Control
780,2/10/2022 20:45,17102,162403,bounce,0,desktop,Email,24,PDP,183.5,Variant_A
781,1/29/2021 1:52,46632,318949,view,857,mobile,Organic,0,PDP,7.6,Variant_B
782,11/3/2021 21:29,35348,444276,bounce,0,mobile,Email,23,PLP,81.2,Variant_A
783,8/16/2022 9:28,33052,383929,view,644,desktop,Paid Search,36,PDP,137.5,Variant_A
784,8/3/2021 23:59,36181,177791,view,241,mobile,Paid Search,22,PDP,166.5,Control
785,5/7/2021 21:26,27989,60360,view,193,mobile,Paid Search,9,Home,296.5,Control
786,5/22/2023 11:05,21551,495755,view,1096,mobile,Organic,0,Cart,57.3,Variant_B
787,1/6/2023 19:02,64508,56162,view,1547,mobile,Organic,0,PDP,155,Control
788,7/13/2021 21:05,23089,468677,add_to_cart,1095,mobile,Organic,0,PLP,71.9,Control
789,6/22/2021 0:17,82870,460622,view,1350,mobile,Organic,0,Checkout,175.6,Control
790,11/28/2023 21:37,82265,178012,purchase,1838,mobile,Paid Search,40,PDP,47.2,Variant_A
791,5/11/2021 18:07,92010,588676,click,1519,mobile,Paid Search,24,PDP,127,Control
792,1/25/2021 13:01,1248,334164,click,1430,desktop,Organic,0,PDP,60.8,Control
793,9/7/2023 5:51,6301,247991,purchase,4,mobile,Social,28,PLP,137.4,Variant_A
794,4/12/2021 17:04,62364,452899,view,1535,mobile,Paid Search,41,PDP,75.7,Variant_A
795,12/21/2022 8:58,81223,564439,view,864,mobile,Organic,0,Checkout,87.3,Control
796,12/26/2021 13:53,46107,506062,click,16,mobile,Organic,0,PDP,60.8,Variant_B
797,10/12/2023 4:50,40438,285994,view,851,mobile,Direct,0,Checkout,66.1,Control
798,1/3/2022 20:23,3581,468010,view,1464,unknown,Organic,0,PDP,95.4,Control
799,4/9/2021 15:39,87784,347360,view,1165,mobile,Direct,0,PLP,53.4,Control
800,9/15/2023 14:01,93505,143155,view,1309,mobile,Organic,0,PDP,45.8,Control
801,2/28/2023 10:02,68690,137950,view,1918,mobile,Organic,0,PDP,99.8,Variant_B
802,10/18/2022 21:26,17733,255585,add_to_cart,1741,desktop,Social,12,PLP,82.7,Control
803,1/2/2022 2:20,73213,181869,view,1361,desktop,Social,26,PLP,190.7,Variant_A
804,1/29/2023 10:00,32340,302520,view,388,desktop,Email,50,PLP,76.8,Control
805,12/15/2023 17:52,83047,107097,click,1664,desktop,Organic,0,PLP,36.4,Variant_A
806,4/17/2022 10:21,59582,632151,bounce,0,desktop,Social,14,PDP,95.4,Control
807,8/11/2022 19:17,98466,22472,view,1955,mobile,Organic,0,PLP,232.8,Control
808,1/19/2021 14:20,51165,515260,add_to_cart,1551,mobile,Social,33,Home,132.7,Variant_B
809,9/23/2022 9:12,57011,203203,click,1027,mobile,Organic,0,PLP,81.8,Control
810,2/13/2021 7:48,12038,263391,click,1709,mobile,Organic,0,PLP,236,Variant_B
811,6/25/2022 13:00,76533,375278,view,1609,mobile,Organic,0,PLP,43.8,Variant_A
812,2/16/2021 16:21,48156,119402,add_to_cart,105,mobile,Social,47,Home,81.8,Control
813,3/31/2023 6:06,69591,11394,view,24,desktop,Social,16,PDP,5.1,Control
814,7/4/2022 23:41,41595,587022,view,570,mobile,Organic,0,Checkout,37.1,Variant_B
815,9/11/2021 8:08,77058,461512,add_to_cart,199,desktop,Paid Search,31,PLP,59.5,Control
816,3/1/2021 9:27,24012,269010,view,1625,tablet,Paid Search,38,Cart,128.7,Control
817,7/22/2021 13:31,95858,500852,view,1661,desktop,Organic,0,PLP,36.6,Variant_A
818,1/5/2022 8:53,37645,454582,view,277,mobile,Organic,0,PLP,30.8,Control
819,4/10/2022 22:00,95513,281042,click,1927,desktop,Email,10,Checkout,100.8,Control
820,11/18/2022 16:16,28996,46032,view,898,desktop,Direct,0,Home,357.9,Control
821,12/30/2022 7:55,46193,446318,view,135,desktop,Organic,0,Home,204.9,Variant_A
822,10/18/2023 18:02,1817,87796,view,1204,mobile,Paid Search,16,PDP,75.3,Control
823,9/17/2023 14:15,53946,333834,bounce,0,mobile,Email,40,Cart,75.1,Control
824,5/30/2023 13:01,77239,573034,view,872,mobile,Email,38,Cart,126.5,Variant_B
825,3/30/2021 3:35,65732,11565,view,1940,mobile,Paid Search,21,Checkout,91.9,Variant_B
826,12/22/2023 18:02,30710,261871,click,614,mobile,Paid Search,40,PLP,105.1,Variant_A
827,6/7/2023 12:03,2288,15484,view,1405,desktop,Organic,0,Checkout,253.6,Variant_B
828,10/15/2021 23:59,43866,662818,view,1880,desktop,Email,35,PDP,39.1,Control
829,5/23/2021 2:46,74524,6307,view,1271,mobile,Email,43,Checkout,217,Variant_B
830,7/4/2023 10:31,54036,648604,click,1156,mobile,Email,43,PLP,132.4,Control
831,5/1/2021 18:35,38868,594878,click,1651,desktop,Paid Search,16,PDP,82.2,Control
832,8/18/2022 20:08,33114,32139,view,1281,desktop,Paid Search,4,PLP,55.8,Control
833,8/26/2021 17:11,56032,117832,click,312,mobile,Organic,0,PLP,52.1,Control
834,5/7/2022 18:52,93008,156247,view,1519,desktop,Paid Search,49,Home,100.7,Control
835,10/16/2021 7:09,19783,447097,view,455,mobile,Paid Search,29,PDP,14,Variant_B
836,9/5/2022 17:14,61100,333943,view,1751,mobile,Organic,0,PDP,122.8,Control
837,8/20/2023 16:57,10804,77145,view,1523,desktop,Direct,0,Checkout,59.6,Variant_B
838,3/19/2021 22:47,55705,511815,view,172,mobile,Organic,0,PLP,78.6,Variant_B
839,1/18/2021 20:52,29955,611113,purchase,1543,mobile,Organic,0,PLP,101.9,Variant_B
840,2/5/2021 15:05,45716,336059,add_to_cart,1872,desktop,Organic,0,PLP,169.1,Control
841,3/28/2022 7:28,69155,163246,click,547,desktop,Paid Search,8,PDP,62,Control
842,8/9/2022 3:27,47371,666549,click,893,mobile,Email,2,Home,104.8,Control
843,12/31/2023 6:56,835,522983,click,349,mobile,Paid Search,45,PLP,46.7,Control
844,10/13/2022 3:16,21431,459005,click,233,desktop,Paid Search,24,Home,260.9,Control
845,8/13/2023 11:09,52244,114923,view,556,mobile,Organic,0,Home,69.3,Variant_B
846,11/15/2023 9:37,92857,300516,add_to_cart,1821,mobile,Social,11,PDP,25.1,Variant_B
847,9/22/2023 4:36,40171,168616,click,563,desktop,Email,25,PLP,121.4,Control
848,12/2/2023 18:16,56510,603065,click,542,mobile,Email,39,Cart,106.4,Control
849,6/21/2023 10:37,2570,200491,click,520,mobile,Organic,0,Home,154,Control
850,6/12/2021 8:32,83804,483107,view,995,desktop,Organic,0,PLP,107.2,Variant_A
851,10/15/2021 8:06,29189,28483,click,716,mobile,Organic,0,Home,138.4,Variant_A
852,7/7/2021 9:39,89824,259777,view,897,desktop,Social,32,Home,84.9,Control
853,2/21/2021 22:44,3897,340690,purchase,966,mobile,Organic,0,PLP,127,Variant_B
854,2/18/2022 18:49,13739,119220,view,1483,mobile,Paid Search,13,PDP,195.9,Control
855,1/14/2023 20:20,56507,72196,click,1267,mobile,Paid Search,8,PDP,126.2,Control
856,10/17/2022 19:32,21955,76804,view,787,mobile,Organic,0,PDP,54.8,Variant_B
857,12/28/2021 4:56,99357,450863,view,164,mobile,Paid Search,1,Checkout,450.4,Variant_A
858,10/30/2022 19:43,1536,453402,view,1665,mobile,Direct,0,Home,147.9,Variant_A
859,8/16/2022 13:32,70354,19627,view,1520,mobile,Social,37,PDP,53.5,Control
860,1/15/2022 8:24,76190,544195,click,604,desktop,Paid Search,12,Home,61.2,Variant_B
861,3/22/2022 13:34,84107,502394,click,431,mobile,Organic,0,PDP,130.2,Control
862,12/2/2022 15:37,83860,585214,purchase,408,mobile,Email,38,Cart,121.9,Variant_A
863,6/28/2022 0:04,68544,337128,view,685,desktop,Organic,0,Checkout,44.1,Variant_A
864,2/6/2021 15:23,58639,528330,click,723,mobile,Social,30,PLP,70.4,Variant_B
865,7/22/2022 4:35,52715,80027,add_to_cart,366,mobile,Social,2,PDP,78,Variant_B
866,5/17/2023 13:06,23744,577169,view,1389,desktop,Organic,0,PDP,189.8,Variant_B
867,4/25/2022 18:03,81447,535168,view,773,mobile,Paid Search,9,PLP,175.7,Variant_B
868,3/14/2023 15:01,12538,565425,view,743,tablet,Organic,0,Checkout,190.8,Control
869,4/28/2023 8:34,69804,156271,purchase,42,desktop,Social,27,Checkout,37.1,Control
870,7/9/2022 0:43,81285,83798,click,1623,mobile,Email,42,PDP,309.3,Control
871,4/7/2022 14:18,87280,435611,view,804,mobile,Email,36,PLP,53.8,Control
872,2/6/2023 18:42,30523,155523,view,1697,mobile,Paid Search,9,PDP,58.8,Control
873,3/20/2023 15:40,34982,558014,bounce,0,desktop,Paid Search,37,Home,314.7,Control
874,1/10/2023 13:24,79619,24293,bounce,0,tablet,Paid Search,39,Home,107.3,Variant_B
875,6/7/2023 4:16,3257,279370,view,1939,desktop,Social,8,Checkout,69.7,Variant_B
876,11/23/2021 5:44,86530,41491,view,220,mobile,Email,11,Cart,83.2,Control
877,10/3/2021 6:31,88958,399287,bounce,0,unknown,Paid Search,4,PDP,148.8,Variant_A
878,6/27/2023 21:58,72022,411526,view,1859,mobile,Social,8,Cart,250.7,Control
879,11/29/2021 10:17,4369,421744,click,1310,mobile,Email,46,Cart,12.4,Variant_B
880,4/30/2021 23:56,81837,241569,bounce,0,mobile,Direct,0,PLP,19.6,Control
881,11/5/2021 20:52,81425,313248,view,1549,desktop,Social,38,PLP,115.8,Control
882,8/24/2021 18:35,32352,555517,view,1804,mobile,Social,12,PLP,111.5,Variant_B
883,8/5/2022 8:42,93704,280175,view,185,mobile,Email,37,PDP,272.8,Control
884,11/16/2022 12:10,22668,63580,view,611,mobile,Organic,0,Cart,153.5,Variant_A
885,10/14/2022 15:59,85307,381895,add_to_cart,1089,desktop,Paid Search,35,Home,26.3,Variant_A
886,10/4/2023 11:21,51127,207573,view,807,mobile,Organic,0,PDP,103.7,Control
887,11/12/2023 19:58,59960,456566,view,843,tablet,Organic,0,PLP,134.7,Control
888,7/13/2022 14:23,20481,360069,add_to_cart,606,desktop,Email,35,Cart,164.4,Variant_B
889,3/17/2021 2:27,32953,299904,add_to_cart,1165,mobile,Organic,0,Home,70.4,Control
890,9/5/2021 18:58,90703,607403,purchase,1677,desktop,Paid Search,22,PDP,243,Variant_A
891,8/1/2022 13:34,75475,266779,view,682,mobile,Organic,0,Checkout,63.4,Variant_B
892,5/13/2022 0:23,55834,19496,click,1502,tablet,Direct,0,PDP,11,Control
893,4/8/2022 14:22,89839,589922,view,1034,mobile,Organic,0,PLP,173.9,Variant_B
894,11/14/2023 17:57,54106,352764,view,439,mobile,Organic,0,PDP,93.6,Control
895,4/18/2021 6:13,58856,542216,click,1366,mobile,Organic,0,PLP,23.6,Control
896,9/7/2023 3:22,25055,267866,bounce,0,mobile,Social,48,Home,43.2,Variant_A
897,3/22/2023 1:46,58975,422943,view,1111,mobile,Organic,0,PDP,250.7,Variant_A
898,1/5/2022 14:22,83879,408934,click,1514,desktop,Email,22,Home,156.7,Control
899,4/17/2021 18:31,30155,319563,view,746,desktop,Organic,0,PDP,73.2,Variant_B
900,9/11/2021 13:13,79869,176150,view,129,desktop,Email,23,Cart,136.9,Control
901,12/23/2022 8:00,9663,22276,click,6,mobile,Organic,0,PLP,143.6,Variant_A
902,4/12/2021 19:09,48125,253357,add_to_cart,1918,mobile,Paid Search,17,PDP,117.3,Variant_A
903,9/18/2021 8:26,16907,576774,view,1861,mobile,Organic,0,PDP,67.8,Control
904,10/16/2021 11:05,14909,277134,view,211,tablet,Organic,0,PDP,4.5,Variant_B
905,12/23/2022 19:50,42298,470203,add_to_cart,145,mobile,Organic,0,PDP,386.5,Control
906,11/1/2023 14:34,4665,528122,view,33,mobile,Paid Search,40,PDP,54.5,Control
907,9/4/2021 20:47,4139,180690,view,1581,mobile,Organic,0,Checkout,190.8,Control
908,3/30/2021 15:57,60649,517783,view,403,mobile,Social,31,Cart,8.4,Variant_A
909,12/6/2022 3:16,33034,301461,view,686,mobile,Organic,0,PLP,75.8,Variant_B
910,12/18/2023 22:02,10310,416038,view,1498,desktop,Organic,0,Cart,11.4,Variant_A
911,11/20/2022 19:22,21293,166570,bounce,0,mobile,Organic,0,Home,168.3,Variant_B
912,7/18/2021 3:58,14457,422735,view,1528,mobile,Organic,0,PLP,68.9,Variant_A
913,5/31/2022 17:46,33776,68734,view,304,mobile,Organic,0,PLP,182.3,Variant_B
914,9/23/2023 13:55,29557,256969,view,1243,tablet,Paid Search,45,Cart,112.1,Control
915,12/31/2023 8:01,83674,469539,view,1099,mobile,Paid Search,30,PDP,48.8,Control
916,10/28/2022 10:48,2779,202828,click,1599,mobile,Paid Search,8,Cart,149.9,Control
917,4/8/2023 18:00,96907,428427,view,1112,desktop,Direct,0,PDP,142.2,Control
918,11/13/2022 8:18,74238,260421,view,1062,mobile,Direct,0,PLP,169.5,Control
919,7/21/2023 19:58,45301,179946,click,316,mobile,Social,35,Home,141.3,Control
920,5/31/2021 14:26,97648,28677,view,1896,mobile,Social,35,PLP,139.9,Variant_B
921,10/25/2023 6:05,48306,456160,click,921,desktop,Social,35,Home,69.1,Variant_A
922,11/21/2023 9:01,12944,482906,view,276,mobile,Social,36,PLP,100.3,Control
923,6/10/2021 6:07,29481,428942,click,1251,desktop,Direct,0,PDP,132.8,Variant_B
924,6/17/2023 2:32,83256,476065,click,1925,desktop,Organic,0,PLP,158.9,Variant_A
925,12/13/2021 8:37,8290,389554,view,1495,mobile,Organic,0,PLP,233.2,Control
926,9/3/2023 7:50,37059,577953,click,473,mobile,Organic,0,PDP,44.4,Variant_B
927,9/23/2022 13:46,75696,210468,view,1684,mobile,Direct,0,Home,40.8,Control
928,8/30/2023 14:25,95479,7895,click,134,mobile,Paid Search,36,PDP,51.6,Control
929,9/28/2021 5:34,47095,509012,view,436,desktop,Paid Search,9,PLP,174.3,Variant_A
930,10/30/2023 19:27,10681,339154,view,1894,mobile,Paid Search,4,PLP,119.4,Control
931,7/18/2023 13:23,23262,315927,view,1109,mobile,Social,22,PDP,35.5,Control
932,2/19/2022 8:14,60306,602533,add_to_cart,1881,desktop,Direct,0,Home,104.6,Control
933,7/3/2021 16:42,88132,660049,view,1786,desktop,Direct,0,PDP,85.8,Variant_B
934,9/17/2023 13:39,805,517236,view,291,mobile,Email,50,Home,51.7,Control
935,4/28/2023 20:07,842,614012,click,928,desktop,Organic,0,PDP,96,Control
936,6/6/2022 4:10,65030,321189,view,1834,desktop,Direct,0,PLP,26.3,Control
937,3/19/2023 5:50,40240,638906,bounce,0,mobile,Direct,0,Home,128.5,Control
938,3/11/2021 22:04,91593,370997,purchase,1236,desktop,Email,16,Home,93.9,Variant_A
939,7/28/2021 21:39,37897,294123,bounce,0,mobile,Organic,0,PDP,230.1,Variant_B
940,12/4/2023 20:24,64997,439901,purchase,460,mobile,Paid Search,1,Cart,63.1,Control
941,8/22/2023 17:44,63702,657392,add_to_cart,1038,desktop,Organic,0,PLP,135.6,Variant_A
942,11/6/2021 15:11,1366,134604,view,1297,mobile,Paid Search,20,PLP,20.4,Control
943,9/17/2022 5:00,98050,271890,view,1827,mobile,Social,47,PLP,191.7,Control
944,3/31/2023 3:07,66207,330407,view,1198,tablet,Email,21,PLP,109.2,Variant_B
945,3/8/2022 23:52,85516,212187,bounce,0,mobile,Organic,0,Checkout,69,Variant_A
946,7/20/2022 20:32,58880,484461,add_to_cart,1561,mobile,Organic,0,PDP,51.7,Variant_A
947,1/22/2022 7:31,16998,318063,view,944,desktop,Organic,0,PLP,34.3,Control
948,11/21/2023 23:23,83750,635260,view,477,mobile,Organic,0,Home,91.7,Variant_A
949,1/20/2023 2:51,36550,611089,click,1097,mobile,Organic,0,Home,191.7,Variant_B
950,6/24/2023 2:43,20025,421273,view,1999,mobile,Organic,0,Home,139.2,Control
951,11/18/2021 18:16,91077,437737,view,1321,mobile,Email,29,PLP,31.3,Control
952,10/3/2021 18:02,81034,162110,view,476,desktop,Organic,0,Checkout,150.1,Variant_A
953,6/13/2021 13:14,91272,541486,view,1128,desktop,Email,19,PLP,58.5,Control
954,4/11/2022 20:34,16127,88860,view,1089,mobile,Organic,0,Home,111.4,Variant_A
955,10/17/2022 20:25,51920,620935,click,1233,mobile,Organic,0,PDP,67,Control
956,4/13/2021 18:32,65000,622318,click,1920,mobile,Paid Search,28,PDP,96,Variant_A
957,5/17/2022 18:28,70071,143403,purchase,773,mobile,Social,5,Checkout,18.9,Variant_B
958,1/7/2021 6:31,6515,385385,view,304,mobile,Social,43,Checkout,127.3,Control
959,7/26/2022 11:37,19299,79682,bounce,0,mobile,Organic,0,Cart,60.5,Control
960,7/3/2021 9:22,59810,235766,view,1609,mobile,Organic,0,PDP,33.5,Control
961,9/1/2022 17:36,66905,651,view,1073,desktop,Email,50,Home,165,Control
962,9/30/2021 6:40,64784,936,view,1936,desktop,Email,33,PDP,44.4,Control
963,12/20/2022 19:24,26962,50745,bounce,0,desktop,Direct,0,Home,42,Control
964,1/5/2021 7:12,54215,300952,view,968,mobile,Paid Search,39,Checkout,130,Variant_A
965,12/19/2022 5:57,91706,619222,view,679,tablet,Organic,0,PLP,142.6,Control
966,2/21/2022 17:30,82768,431285,view,179,tablet,Organic,0,PDP,36.3,Variant_B
967,5/2/2023 19:37,5293,447314,click,935,mobile,Organic,0,Home,58.7,Variant_B
968,4/10/2023 15:13,26945,239115,bounce,0,mobile,Social,3,PDP,83.4,Variant_B
969,10/3/2023 8:26,83927,435636,click,1253,mobile,Organic,0,Home,183.1,Variant_B
970,7/23/2022 8:00,22917,660864,view,345,desktop,Social,50,PLP,180.7,Variant_A
971,7/9/2023 12:00,37953,390897,view,269,desktop,Organic,0,PLP,86.1,Control
972,10/22/2021 8:28,84477,608098,purchase,1035,mobile,Paid Search,31,PLP,81.1,Control
973,5/21/2021 7:40,75331,248486,click,1412,desktop,Email,34,Checkout,51.7,Variant_A
974,2/27/2022 20:10,78040,445248,bounce,0,unknown,Organic,0,PDP,151.7,Control
975,10/5/2022 13:42,75746,390951,view,1155,mobile,Email,26,Home,107.2,Variant_A
976,12/2/2023 18:21,825,409827,bounce,0,desktop,Email,6,Checkout,7.8,Variant_A
977,1/1/2023 23:28,67905,331008,view,1898,desktop,Organic,0,Cart,72.6,Control
978,2/22/2022 9:59,42810,312076,view,880,mobile,Paid Search,20,PDP,53.6,Control
979,7/8/2023 6:02,31317,281589,view,1960,desktop,Paid Search,2,Home,58.3,Control
980,9/14/2021 16:08,668,104393,view,1452,mobile,Direct,0,Home,122.2,Control
981,4/2/2021 7:09,43828,199547,add_to_cart,1694,tablet,Paid Search,49,PDP,512.4,Variant_A
982,12/7/2021 6:45,98873,637205,view,374,desktop,Direct,0,PLP,117.1,Variant_B
983,1/6/2023 6:30,64059,388827,add_to_cart,1249,mobile,Email,26,PDP,60.5,Variant_B
984,11/20/2021 19:04,67588,94172,view,1359,desktop,Direct,0,PLP,165.2,Control
985,5/25/2023 17:55,24618,48285,bounce,0,mobile,Organic,0,PLP,77.9,Variant_B
986,5/24/2021 10:24,79140,597231,click,1053,mobile,Direct,0,Cart,101.3,Control
987,11/11/2023 14:38,10940,624617,view,708,mobile,Paid Search,11,Cart,108.6,Variant_A
988,8/21/2022 9:50,23385,121231,click,1912,desktop,Social,7,PLP,77.2,Variant_A
989,9/20/2023 10:27,76809,145477,click,874,mobile,Email,25,PLP,51.9,Control
990,9/30/2023 8:25,57871,597575,click,721,mobile,Paid Search,2,PLP,74.7,Control
991,12/31/2022 0:42,58875,406653,view,169,mobile,Organic,0,Home,608,Control
992,6/28/2022 17:07,82710,43217,click,1655,mobile,Paid Search,18,Home,70.3,Control
993,1/7/2021 8:52,10842,61240,view,1875,mobile,Organic,0,PLP,211.5,Control
994,1/15/2023 10:23,86441,147374,view,1193,mobile,Organic,0,Checkout,171.5,Control
995,5/15/2021 15:59,52767,141804,view,1604,mobile,Paid Search,34,PLP,35.3,Variant_B
996,1/18/2023 14:24,44027,504507,bounce,0,mobile,Direct,0,PLP,35.4,Control
997,3/12/2022 20:48,80449,663810,bounce,0,mobile,Organic,0,Cart,11.7,Control
998,3/12/2021 1:03,51562,58591,view,1245,desktop,Direct,0,Cart,173.6,Control
999,1/8/2022 4:26,39543,457958,bounce,0,desktop,Organic,0,Cart,84.5,Control
1000,9/6/2022 8:41,62819,623527,click,1667,desktop,Social,36,Cart,59.6,Variant_B
